SPECIES_CODE,ID,SAMPLING_YEAR,FLEET_CODE,REPCOUNTRY,GEAR_CODE,AREA,DATESTART,DATEEND,SEX,MATURITY,COMMENT,FL,RD,SF,HG,TL,HL,BH,SPECIES,SPECIES_SCIENTIFIC,SPECIES_CATEGORY_CODE,AREA_TYPE,N_MEASUREMENTS_SPECIES,DATE_RANGE,CF
ALB,224309,2007,KOR,KOR,LL,5238025,01/08/2007,31/08/2007,U,NA,NA,71,8.5,NA,NA,NA,NA,NA,Albacore,Thunnus alalunga,TEMPERATE,1x1,499,30,NA
ALB,224310,2007,KOR,KOR,LL,5238025,01/08/2007,31/08/2007,U,NA,NA,99,17,NA,NA,NA,NA,NA,Albacore,Thunnus alalunga,TEMPERATE,1x1,499,30,NA
ALB,224311,2007,KOR,KOR,LL,5238025,01/08/2007,31/08/2007,U,NA,NA,85,10,NA,NA,NA,NA,NA,Albacore,Thunnus alalunga,TEMPERATE,1x1,499,30,NA
ALB,224312,2007,KOR,KOR,LL,5238025,01/08/2007,31/08/2007,U,NA,NA,86,11,NA,NA,NA,NA,NA,Albacore,Thunnus alalunga,TEMPERATE,1x1,499,30,NA
ALB,224313,2007,KOR,KOR,LL,5238025,01/08/2007,31/08/2007,U,NA,NA,80,8,NA,NA,NA,NA,NA,Albacore,Thunnus alalunga,TEMPERATE,1x1,499,30,NA
ALB,224314,2007,KOR,KOR,LL,5238025,01/08/2007,31/08/2007,U,NA,NA,67,4,NA,NA,NA,NA,NA,Albacore,Thunnus alalunga,TEMPERATE,1x1,499,30,NA
ALB,224315,2007,KOR,KOR,LL,5238025,01/08/2007,31/08/2007,U,NA,NA,93,15,NA,NA,NA,NA,NA,Albacore,Thunnus alalunga,TEMPERATE,1x1,499,30,NA
ALB,224316,2007,KOR,KOR,LL,5238025,01/08/2007,31/08/2007,U,NA,NA,76,8,NA,NA,NA,NA,NA,Albacore,Thunnus alalunga,TEMPERATE,1x1,499,30,NA
ALB,224317,2007,KOR,KOR,LL,5238025,01/08/2007,31/08/2007,U,NA,NA,97,18,NA,NA,NA,NA,NA,Albacore,Thunnus alalunga,TEMPERATE,1x1,499,30,NA
ALB,224318,2007,KOR,KOR,LL,5238025,01/08/2007,31/08/2007,U,NA,NA,100,17,NA,NA,NA,NA,NA,Albacore,Thunnus alalunga,TEMPERATE,1x1,499,30,NA
ALB,224319,2007,KOR,KOR,LL,5238025,01/08/2007,31/08/2007,U,NA,NA,70,5,NA,NA,NA,NA,NA,Albacore,Thunnus alalunga,TEMPERATE,1x1,499,30,NA
ALB,224320,2007,KOR,KOR,LL,5238025,01/08/2007,31/08/2007,U,NA,NA,77,8,NA,NA,NA,NA,NA,Albacore,Thunnus alalunga,TEMPERATE,1x1,499,30,NA
ALB,224321,2007,KOR,KOR,LL,5238025,01/08/2007,31/08/2007,U,NA,NA,82,10,NA,NA,NA,NA,NA,Albacore,Thunnus alalunga,TEMPERATE,1x1,499,30,NA
ALB,224322,2007,KOR,KOR,LL,5238025,01/08/2007,31/08/2007,U,NA,NA,79,9,NA,NA,NA,NA,NA,Albacore,Thunnus alalunga,TEMPERATE,1x1,499,30,NA
ALB,224323,2007,KOR,KOR,LL,5238025,01/08/2007,31/08/2007,U,NA,NA,79,8,NA,NA,NA,NA,NA,Albacore,Thunnus alalunga,TEMPERATE,1x1,499,30,NA
ALB,224324,2007,KOR,KOR,LL,5238025,01/08/2007,31/08/2007,U,NA,NA,79,10,NA,NA,NA,NA,NA,Albacore,Thunnus alalunga,TEMPERATE,1x1,499,30,NA
ALB,224325,2007,KOR,KOR,LL,5238025,01/08/2007,31/08/2007,U,NA,NA,90,15,NA,NA,NA,NA,NA,Albacore,Thunnus alalunga,TEMPERATE,1x1,499,30,NA
ALB,224326,2007,KOR,KOR,LL,5238025,01/08/2007,31/08/2007,U,NA,NA,101,20,NA,NA,NA,NA,NA,Albacore,Thunnus alalunga,TEMPERATE,1x1,499,30,NA
ALB,224327,2007,KOR,KOR,LL,5238025,01/08/2007,31/08/2007,U,NA,NA,92,14,NA,NA,NA,NA,NA,Albacore,Thunnus alalunga,TEMPERATE,1x1,499,30,NA
ALB,224328,2007,KOR,KOR,LL,5238025,01/08/2007,31/08/2007,U,NA,NA,92,15,NA,NA,NA,NA,NA,Albacore,Thunnus alalunga,TEMPERATE,1x1,499,30,NA
ALB,224329,2007,KOR,KOR,LL,5238025,01/08/2007,31/08/2007,U,NA,NA,66,5.5,NA,NA,NA,NA,NA,Albacore,Thunnus alalunga,TEMPERATE,1x1,499,30,NA
ALB,224330,2007,KOR,KOR,LL,5238030,01/09/2007,30/09/2007,U,NA,NA,88,16,NA,NA,NA,NA,NA,Albacore,Thunnus alalunga,TEMPERATE,1x1,499,29,NA
ALB,224331,2007,KOR,KOR,LL,5237030,01/09/2007,30/09/2007,U,NA,NA,88,12,NA,NA,NA,NA,NA,Albacore,Thunnus alalunga,TEMPERATE,1x1,499,29,NA
ALB,224332,2007,KOR,KOR,LL,5237030,01/09/2007,30/09/2007,U,NA,NA,80,7,NA,NA,NA,NA,NA,Albacore,Thunnus alalunga,TEMPERATE,1x1,499,29,NA
ALB,224333,2007,KOR,KOR,LL,5237030,01/09/2007,30/09/2007,U,NA,NA,82,9.5,NA,NA,NA,NA,NA,Albacore,Thunnus alalunga,TEMPERATE,1x1,499,29,NA
ALB,224334,2007,KOR,KOR,LL,5237030,01/09/2007,30/09/2007,U,NA,NA,71,6,NA,NA,NA,NA,NA,Albacore,Thunnus alalunga,TEMPERATE,1x1,499,29,NA
ALB,224335,2007,KOR,KOR,LL,5237030,01/09/2007,30/09/2007,U,NA,NA,79,8,NA,NA,NA,NA,NA,Albacore,Thunnus alalunga,TEMPERATE,1x1,499,29,NA
ALB,224336,2007,KOR,KOR,LL,5236032,01/09/2007,30/09/2007,U,NA,NA,74,7,NA,NA,NA,NA,NA,Albacore,Thunnus alalunga,TEMPERATE,1x1,499,29,NA
ALB,224337,2007,KOR,KOR,LL,5236032,01/09/2007,30/09/2007,U,NA,NA,79,7,NA,NA,NA,NA,NA,Albacore,Thunnus alalunga,TEMPERATE,1x1,499,29,NA
ALB,224338,2007,KOR,KOR,LL,5236032,01/09/2007,30/09/2007,U,NA,NA,75,7,NA,NA,NA,NA,NA,Albacore,Thunnus alalunga,TEMPERATE,1x1,499,29,NA
ALB,224339,2007,KOR,KOR,LL,5236032,01/09/2007,30/09/2007,U,NA,NA,79,7,NA,NA,NA,NA,NA,Albacore,Thunnus alalunga,TEMPERATE,1x1,499,29,NA
ALB,224340,2007,KOR,KOR,LL,5235037,01/09/2007,30/09/2007,U,NA,NA,86,12,NA,NA,NA,NA,NA,Albacore,Thunnus alalunga,TEMPERATE,1x1,499,29,NA
ALB,224341,2007,KOR,KOR,LL,5235037,01/09/2007,30/09/2007,U,NA,NA,79,9,NA,NA,NA,NA,NA,Albacore,Thunnus alalunga,TEMPERATE,1x1,499,29,NA
ALB,224342,2007,KOR,KOR,LL,5235037,01/09/2007,30/09/2007,U,NA,NA,87,12,NA,NA,NA,NA,NA,Albacore,Thunnus alalunga,TEMPERATE,1x1,499,29,NA
ALB,224343,2007,KOR,KOR,LL,5235037,01/09/2007,30/09/2007,U,NA,NA,72,6,NA,NA,NA,NA,NA,Albacore,Thunnus alalunga,TEMPERATE,1x1,499,29,NA
ALB,224344,2007,KOR,KOR,LL,5235037,01/09/2007,30/09/2007,U,NA,NA,74,8,NA,NA,NA,NA,NA,Albacore,Thunnus alalunga,TEMPERATE,1x1,499,29,NA
ALB,224345,2007,KOR,KOR,LL,5235037,01/09/2007,30/09/2007,U,NA,NA,75,8,NA,NA,NA,NA,NA,Albacore,Thunnus alalunga,TEMPERATE,1x1,499,29,NA
ALB,224346,2007,KOR,KOR,LL,5235037,01/09/2007,30/09/2007,U,NA,NA,79,7,NA,NA,NA,NA,NA,Albacore,Thunnus alalunga,TEMPERATE,1x1,499,29,NA
ALB,224347,2007,KOR,KOR,LL,5235037,01/09/2007,30/09/2007,U,NA,NA,77,8,NA,NA,NA,NA,NA,Albacore,Thunnus alalunga,TEMPERATE,1x1,499,29,NA
ALB,224348,2007,KOR,KOR,LL,5235037,01/09/2007,30/09/2007,U,NA,NA,78,7.5,NA,NA,NA,NA,NA,Albacore,Thunnus alalunga,TEMPERATE,1x1,499,29,NA
ALB,224349,2007,KOR,KOR,LL,5235037,01/09/2007,30/09/2007,U,NA,NA,74,6.5,NA,NA,NA,NA,NA,Albacore,Thunnus alalunga,TEMPERATE,1x1,499,29,NA
ALB,224350,2007,KOR,KOR,LL,5235037,01/09/2007,30/09/2007,U,NA,NA,78,7,NA,NA,NA,NA,NA,Albacore,Thunnus alalunga,TEMPERATE,1x1,499,29,NA
ALB,224351,2007,KOR,KOR,LL,5235037,01/09/2007,30/09/2007,U,NA,NA,77,6,NA,NA,NA,NA,NA,Albacore,Thunnus alalunga,TEMPERATE,1x1,499,29,NA
ALB,224352,2007,KOR,KOR,LL,5235037,01/09/2007,30/09/2007,U,NA,NA,68,4,NA,NA,NA,NA,NA,Albacore,Thunnus alalunga,TEMPERATE,1x1,499,29,NA
ALB,224353,2007,KOR,KOR,LL,5235037,01/09/2007,30/09/2007,U,NA,NA,82,7,NA,NA,NA,NA,NA,Albacore,Thunnus alalunga,TEMPERATE,1x1,499,29,NA
ALB,224354,2007,KOR,KOR,LL,5235037,01/09/2007,30/09/2007,U,NA,NA,79,6,NA,NA,NA,NA,NA,Albacore,Thunnus alalunga,TEMPERATE,1x1,499,29,NA
ALB,224355,2007,KOR,KOR,LL,5235037,01/09/2007,30/09/2007,U,NA,NA,78,5,NA,NA,NA,NA,NA,Albacore,Thunnus alalunga,TEMPERATE,1x1,499,29,NA
ALB,224356,2007,KOR,KOR,LL,5235037,01/09/2007,30/09/2007,U,NA,NA,79,8,NA,NA,NA,NA,NA,Albacore,Thunnus alalunga,TEMPERATE,1x1,499,29,NA
ALB,224357,2007,KOR,KOR,LL,5235037,01/09/2007,30/09/2007,U,NA,NA,78.5,8,NA,NA,NA,NA,NA,Albacore,Thunnus alalunga,TEMPERATE,1x1,499,29,NA
ALB,224358,2007,KOR,KOR,LL,5235037,01/09/2007,30/09/2007,U,NA,NA,79,7,NA,NA,NA,NA,NA,Albacore,Thunnus alalunga,TEMPERATE,1x1,499,29,NA
ALB,224359,2007,KOR,KOR,LL,5235037,01/09/2007,30/09/2007,U,NA,NA,69,5,NA,NA,NA,NA,NA,Albacore,Thunnus alalunga,TEMPERATE,1x1,499,29,NA
ALB,224360,2007,KOR,KOR,LL,5235037,01/09/2007,30/09/2007,U,NA,NA,81,7,NA,NA,NA,NA,NA,Albacore,Thunnus alalunga,TEMPERATE,1x1,499,29,NA
ALB,224361,2007,KOR,KOR,LL,5235037,01/09/2007,30/09/2007,U,NA,NA,75,6,NA,NA,NA,NA,NA,Albacore,Thunnus alalunga,TEMPERATE,1x1,499,29,NA
ALB,224362,2007,KOR,KOR,LL,5235037,01/09/2007,30/09/2007,U,NA,NA,79,7,NA,NA,NA,NA,NA,Albacore,Thunnus alalunga,TEMPERATE,1x1,499,29,NA
ALB,224363,2007,KOR,KOR,LL,5235037,01/09/2007,30/09/2007,U,NA,NA,74,5,NA,NA,NA,NA,NA,Albacore,Thunnus alalunga,TEMPERATE,1x1,499,29,NA
ALB,224364,2007,KOR,KOR,LL,5235037,01/09/2007,30/09/2007,U,NA,NA,76,6,NA,NA,NA,NA,NA,Albacore,Thunnus alalunga,TEMPERATE,1x1,499,29,NA
ALB,224365,2007,KOR,KOR,LL,5235037,01/09/2007,30/09/2007,U,NA,NA,96,13,NA,NA,NA,NA,NA,Albacore,Thunnus alalunga,TEMPERATE,1x1,499,29,NA
ALB,224366,2007,KOR,KOR,LL,5234036,01/09/2007,30/09/2007,U,NA,NA,85,6,NA,NA,NA,NA,NA,Albacore,Thunnus alalunga,TEMPERATE,1x1,499,29,NA
ALB,224367,2007,KOR,KOR,LL,5234036,01/09/2007,30/09/2007,U,NA,NA,97,16,NA,NA,NA,NA,NA,Albacore,Thunnus alalunga,TEMPERATE,1x1,499,29,NA
ALB,224368,2007,KOR,KOR,LL,5234036,01/09/2007,30/09/2007,U,NA,NA,76,7,NA,NA,NA,NA,NA,Albacore,Thunnus alalunga,TEMPERATE,1x1,499,29,NA
ALB,224369,2007,KOR,KOR,LL,5234036,01/09/2007,30/09/2007,U,NA,NA,71,6,NA,NA,NA,NA,NA,Albacore,Thunnus alalunga,TEMPERATE,1x1,499,29,NA
ALB,224370,2007,KOR,KOR,LL,5234036,01/09/2007,30/09/2007,U,NA,NA,85,9,NA,NA,NA,NA,NA,Albacore,Thunnus alalunga,TEMPERATE,1x1,499,29,NA
ALB,224371,2007,KOR,KOR,LL,5234036,01/09/2007,30/09/2007,U,NA,NA,87,10,NA,NA,NA,NA,NA,Albacore,Thunnus alalunga,TEMPERATE,1x1,499,29,NA
ALB,224372,2007,KOR,KOR,LL,5234036,01/09/2007,30/09/2007,U,NA,NA,69,4,NA,NA,NA,NA,NA,Albacore,Thunnus alalunga,TEMPERATE,1x1,499,29,NA
ALB,224373,2007,KOR,KOR,LL,5236041,01/09/2007,30/09/2007,U,NA,NA,80,7,NA,NA,NA,NA,NA,Albacore,Thunnus alalunga,TEMPERATE,1x1,499,29,NA
ALB,224374,2007,KOR,KOR,LL,5236041,01/09/2007,30/09/2007,U,NA,NA,84,7,NA,NA,NA,NA,NA,Albacore,Thunnus alalunga,TEMPERATE,1x1,499,29,NA
ALB,224375,2007,KOR,KOR,LL,5236041,01/09/2007,30/09/2007,U,NA,NA,81,7,NA,NA,NA,NA,NA,Albacore,Thunnus alalunga,TEMPERATE,1x1,499,29,NA
ALB,224376,2007,KOR,KOR,LL,5236041,01/09/2007,30/09/2007,U,NA,NA,81,7,NA,NA,NA,NA,NA,Albacore,Thunnus alalunga,TEMPERATE,1x1,499,29,NA
ALB,224377,2007,KOR,KOR,LL,5236041,01/09/2007,30/09/2007,U,NA,NA,77,6,NA,NA,NA,NA,NA,Albacore,Thunnus alalunga,TEMPERATE,1x1,499,29,NA
ALB,224378,2007,KOR,KOR,LL,5236041,01/09/2007,30/09/2007,U,NA,NA,79,7,NA,NA,NA,NA,NA,Albacore,Thunnus alalunga,TEMPERATE,1x1,499,29,NA
ALB,224379,2007,KOR,KOR,LL,5236041,01/09/2007,30/09/2007,U,NA,NA,79,7,NA,NA,NA,NA,NA,Albacore,Thunnus alalunga,TEMPERATE,1x1,499,29,NA
ALB,224380,2007,KOR,KOR,LL,5236041,01/09/2007,30/09/2007,U,NA,NA,80,7,NA,NA,NA,NA,NA,Albacore,Thunnus alalunga,TEMPERATE,1x1,499,29,NA
ALB,224381,2007,KOR,KOR,LL,5236041,01/09/2007,30/09/2007,U,NA,NA,76,6,NA,NA,NA,NA,NA,Albacore,Thunnus alalunga,TEMPERATE,1x1,499,29,NA
ALB,224382,2007,KOR,KOR,LL,5236041,01/09/2007,30/09/2007,U,NA,NA,77,6,NA,NA,NA,NA,NA,Albacore,Thunnus alalunga,TEMPERATE,1x1,499,29,NA
ALB,224383,2007,KOR,KOR,LL,5236041,01/09/2007,30/09/2007,U,NA,NA,75,5,NA,NA,NA,NA,NA,Albacore,Thunnus alalunga,TEMPERATE,1x1,499,29,NA
ALB,224384,2007,KOR,KOR,LL,5236041,01/09/2007,30/09/2007,U,NA,NA,77,6,NA,NA,NA,NA,NA,Albacore,Thunnus alalunga,TEMPERATE,1x1,499,29,NA
ALB,224385,2007,KOR,KOR,LL,5236041,01/09/2007,30/09/2007,U,NA,NA,72,5,NA,NA,NA,NA,NA,Albacore,Thunnus alalunga,TEMPERATE,1x1,499,29,NA
ALB,224386,2007,KOR,KOR,LL,5236041,01/09/2007,30/09/2007,U,NA,NA,76,6,NA,NA,NA,NA,NA,Albacore,Thunnus alalunga,TEMPERATE,1x1,499,29,NA
ALB,224387,2007,KOR,KOR,LL,5236041,01/09/2007,30/09/2007,U,NA,NA,78,6.5,NA,NA,NA,NA,NA,Albacore,Thunnus alalunga,TEMPERATE,1x1,499,29,NA
ALB,224388,2007,KOR,KOR,LL,5236041,01/09/2007,30/09/2007,U,NA,NA,81,7,NA,NA,NA,NA,NA,Albacore,Thunnus alalunga,TEMPERATE,1x1,499,29,NA
ALB,224389,2007,KOR,KOR,LL,5236041,01/09/2007,30/09/2007,U,NA,NA,83,8,NA,NA,NA,NA,NA,Albacore,Thunnus alalunga,TEMPERATE,1x1,499,29,NA
ALB,224390,2007,KOR,KOR,LL,5236041,01/09/2007,30/09/2007,U,NA,NA,78,7,NA,NA,NA,NA,NA,Albacore,Thunnus alalunga,TEMPERATE,1x1,499,29,NA
ALB,224391,2007,KOR,KOR,LL,5236041,01/09/2007,30/09/2007,U,NA,NA,78,7,NA,NA,NA,NA,NA,Albacore,Thunnus alalunga,TEMPERATE,1x1,499,29,NA
ALB,224392,2007,KOR,KOR,LL,5236041,01/09/2007,30/09/2007,U,NA,NA,82,7,NA,NA,NA,NA,NA,Albacore,Thunnus alalunga,TEMPERATE,1x1,499,29,NA
ALB,224393,2007,KOR,KOR,LL,5236041,01/09/2007,30/09/2007,U,NA,NA,75,6,NA,NA,NA,NA,NA,Albacore,Thunnus alalunga,TEMPERATE,1x1,499,29,NA
ALB,224394,2007,KOR,KOR,LL,5236041,01/09/2007,30/09/2007,U,NA,NA,76,8,NA,NA,NA,NA,NA,Albacore,Thunnus alalunga,TEMPERATE,1x1,499,29,NA
ALB,224395,2007,KOR,KOR,LL,5236041,01/09/2007,30/09/2007,U,NA,NA,78,6,NA,NA,NA,NA,NA,Albacore,Thunnus alalunga,TEMPERATE,1x1,499,29,NA
ALB,224396,2007,KOR,KOR,LL,5236041,01/09/2007,30/09/2007,U,NA,NA,78,6,NA,NA,NA,NA,NA,Albacore,Thunnus alalunga,TEMPERATE,1x1,499,29,NA
ALB,224397,2007,KOR,KOR,LL,5236041,01/09/2007,30/09/2007,U,NA,NA,97,15,NA,NA,NA,NA,NA,Albacore,Thunnus alalunga,TEMPERATE,1x1,499,29,NA
ALB,224398,2007,KOR,KOR,LL,5236041,01/09/2007,30/09/2007,U,NA,NA,79,7,NA,NA,NA,NA,NA,Albacore,Thunnus alalunga,TEMPERATE,1x1,499,29,NA
ALB,224399,2007,KOR,KOR,LL,5236041,01/09/2007,30/09/2007,U,NA,NA,87,9,NA,NA,NA,NA,NA,Albacore,Thunnus alalunga,TEMPERATE,1x1,499,29,NA
ALB,224400,2007,KOR,KOR,LL,5236041,01/09/2007,30/09/2007,U,NA,NA,79,7,NA,NA,NA,NA,NA,Albacore,Thunnus alalunga,TEMPERATE,1x1,499,29,NA
ALB,224401,2007,KOR,KOR,LL,5236041,01/09/2007,30/09/2007,U,NA,NA,89,11,NA,NA,NA,NA,NA,Albacore,Thunnus alalunga,TEMPERATE,1x1,499,29,NA
ALB,224402,2007,KOR,KOR,LL,5236041,01/09/2007,30/09/2007,U,NA,NA,111,21,NA,NA,NA,NA,NA,Albacore,Thunnus alalunga,TEMPERATE,1x1,499,29,NA
ALB,224403,2007,KOR,KOR,LL,5236041,01/09/2007,30/09/2007,U,NA,NA,77,7,NA,NA,NA,NA,NA,Albacore,Thunnus alalunga,TEMPERATE,1x1,499,29,NA
ALB,224404,2007,KOR,KOR,LL,5236041,01/09/2007,30/09/2007,U,NA,NA,77,6,NA,NA,NA,NA,NA,Albacore,Thunnus alalunga,TEMPERATE,1x1,499,29,NA
ALB,224405,2007,KOR,KOR,LL,5236041,01/09/2007,30/09/2007,U,NA,NA,79,7,NA,NA,NA,NA,NA,Albacore,Thunnus alalunga,TEMPERATE,1x1,499,29,NA
ALB,224406,2007,KOR,KOR,LL,5236041,01/09/2007,30/09/2007,U,NA,NA,93,13,NA,NA,NA,NA,NA,Albacore,Thunnus alalunga,TEMPERATE,1x1,499,29,NA
ALB,224407,2007,KOR,KOR,LL,5236041,01/09/2007,30/09/2007,U,NA,NA,80,6,NA,NA,NA,NA,NA,Albacore,Thunnus alalunga,TEMPERATE,1x1,499,29,NA
ALB,224408,2007,KOR,KOR,LL,5236041,01/09/2007,30/09/2007,U,NA,NA,79,6,NA,NA,NA,NA,NA,Albacore,Thunnus alalunga,TEMPERATE,1x1,499,29,NA
ALB,224409,2007,KOR,KOR,LL,5237040,01/09/2007,30/09/2007,U,NA,NA,75,6,NA,NA,NA,NA,NA,Albacore,Thunnus alalunga,TEMPERATE,1x1,499,29,NA
ALB,224410,2007,KOR,KOR,LL,5237040,01/09/2007,30/09/2007,U,NA,NA,76,7,NA,NA,NA,NA,NA,Albacore,Thunnus alalunga,TEMPERATE,1x1,499,29,NA
ALB,224411,2007,KOR,KOR,LL,5237040,01/09/2007,30/09/2007,U,NA,NA,75,6,NA,NA,NA,NA,NA,Albacore,Thunnus alalunga,TEMPERATE,1x1,499,29,NA
ALB,224412,2007,KOR,KOR,LL,5237040,01/09/2007,30/09/2007,U,NA,NA,81,7,NA,NA,NA,NA,NA,Albacore,Thunnus alalunga,TEMPERATE,1x1,499,29,NA
ALB,224413,2007,KOR,KOR,LL,5237040,01/09/2007,30/09/2007,U,NA,NA,101,20,NA,NA,NA,NA,NA,Albacore,Thunnus alalunga,TEMPERATE,1x1,499,29,NA
ALB,224414,2007,KOR,KOR,LL,5237040,01/09/2007,30/09/2007,U,NA,NA,93,12.5,NA,NA,NA,NA,NA,Albacore,Thunnus alalunga,TEMPERATE,1x1,499,29,NA
ALB,224415,2007,KOR,KOR,LL,5237040,01/09/2007,30/09/2007,U,NA,NA,87,8.5,NA,NA,NA,NA,NA,Albacore,Thunnus alalunga,TEMPERATE,1x1,499,29,NA
ALB,224416,2007,KOR,KOR,LL,5237040,01/09/2007,30/09/2007,U,NA,NA,89,11,NA,NA,NA,NA,NA,Albacore,Thunnus alalunga,TEMPERATE,1x1,499,29,NA
ALB,224417,2007,KOR,KOR,LL,5236039,01/09/2007,30/09/2007,U,NA,NA,77,6,NA,NA,NA,NA,NA,Albacore,Thunnus alalunga,TEMPERATE,1x1,499,29,NA
ALB,224418,2007,KOR,KOR,LL,5236039,01/09/2007,30/09/2007,U,NA,NA,79,8,NA,NA,NA,NA,NA,Albacore,Thunnus alalunga,TEMPERATE,1x1,499,29,NA
ALB,224419,2007,KOR,KOR,LL,5236039,01/09/2007,30/09/2007,U,NA,NA,82,8,NA,NA,NA,NA,NA,Albacore,Thunnus alalunga,TEMPERATE,1x1,499,29,NA
ALB,224420,2007,KOR,KOR,LL,5236039,01/09/2007,30/09/2007,U,NA,NA,69,4,NA,NA,NA,NA,NA,Albacore,Thunnus alalunga,TEMPERATE,1x1,499,29,NA
ALB,224421,2007,KOR,KOR,LL,5236039,01/09/2007,30/09/2007,U,NA,NA,70,4.5,NA,NA,NA,NA,NA,Albacore,Thunnus alalunga,TEMPERATE,1x1,499,29,NA
ALB,224423,2007,KOR,KOR,LL,5235035,01/09/2007,30/09/2007,U,NA,NA,84,10,NA,NA,NA,NA,NA,Albacore,Thunnus alalunga,TEMPERATE,1x1,499,29,NA
ALB,224424,2007,KOR,KOR,LL,5235035,01/09/2007,30/09/2007,U,NA,NA,80,8,NA,NA,NA,NA,NA,Albacore,Thunnus alalunga,TEMPERATE,1x1,499,29,NA
ALB,224425,2007,KOR,KOR,LL,5235035,01/09/2007,30/09/2007,U,NA,NA,81,8,NA,NA,NA,NA,NA,Albacore,Thunnus alalunga,TEMPERATE,1x1,499,29,NA
ALB,224426,2007,KOR,KOR,LL,5235035,01/09/2007,30/09/2007,U,NA,NA,78,6.5,NA,NA,NA,NA,NA,Albacore,Thunnus alalunga,TEMPERATE,1x1,499,29,NA
ALB,224427,2007,KOR,KOR,LL,5235032,01/09/2007,30/09/2007,U,NA,NA,88,9,NA,NA,NA,NA,NA,Albacore,Thunnus alalunga,TEMPERATE,1x1,499,29,NA
ALB,224428,2007,KOR,KOR,LL,5235032,01/09/2007,30/09/2007,U,NA,NA,89,11,NA,NA,NA,NA,NA,Albacore,Thunnus alalunga,TEMPERATE,1x1,499,29,NA
ALB,224429,2007,KOR,KOR,LL,5235032,01/09/2007,30/09/2007,U,NA,NA,96,16,NA,NA,NA,NA,NA,Albacore,Thunnus alalunga,TEMPERATE,1x1,499,29,NA
ALB,224430,2007,KOR,KOR,LL,5235032,01/09/2007,30/09/2007,U,NA,NA,80,8,NA,NA,NA,NA,NA,Albacore,Thunnus alalunga,TEMPERATE,1x1,499,29,NA
ALB,224431,2007,KOR,KOR,LL,5235032,01/09/2007,30/09/2007,U,NA,NA,80,8,NA,NA,NA,NA,NA,Albacore,Thunnus alalunga,TEMPERATE,1x1,499,29,NA
ALB,224432,2007,KOR,KOR,LL,5235032,01/09/2007,30/09/2007,U,NA,NA,78,6,NA,NA,NA,NA,NA,Albacore,Thunnus alalunga,TEMPERATE,1x1,499,29,NA
ALB,224433,2007,KOR,KOR,LL,5235032,01/09/2007,30/09/2007,U,NA,NA,91,12,NA,NA,NA,NA,NA,Albacore,Thunnus alalunga,TEMPERATE,1x1,499,29,NA
ALB,224434,2007,KOR,KOR,LL,5235032,01/09/2007,30/09/2007,U,NA,NA,93,15,NA,NA,NA,NA,NA,Albacore,Thunnus alalunga,TEMPERATE,1x1,499,29,NA
ALB,224435,2007,KOR,KOR,LL,5235032,01/09/2007,30/09/2007,U,NA,NA,93,15,NA,NA,NA,NA,NA,Albacore,Thunnus alalunga,TEMPERATE,1x1,499,29,NA
ALB,224436,2007,KOR,KOR,LL,5235032,01/09/2007,30/09/2007,U,NA,NA,78,6,NA,NA,NA,NA,NA,Albacore,Thunnus alalunga,TEMPERATE,1x1,499,29,NA
ALB,224437,2007,KOR,KOR,LL,5235032,01/09/2007,30/09/2007,U,NA,NA,80,8,NA,NA,NA,NA,NA,Albacore,Thunnus alalunga,TEMPERATE,1x1,499,29,NA
ALB,224438,2007,KOR,KOR,LL,5235032,01/09/2007,30/09/2007,U,NA,NA,78,6,NA,NA,NA,NA,NA,Albacore,Thunnus alalunga,TEMPERATE,1x1,499,29,NA
ALB,224439,2007,KOR,KOR,LL,5235032,01/09/2007,30/09/2007,U,NA,NA,81,8,NA,NA,NA,NA,NA,Albacore,Thunnus alalunga,TEMPERATE,1x1,499,29,NA
ALB,224440,2007,KOR,KOR,LL,5235032,01/09/2007,30/09/2007,U,NA,NA,80,8,NA,NA,NA,NA,NA,Albacore,Thunnus alalunga,TEMPERATE,1x1,499,29,NA
ALB,224441,2007,KOR,KOR,LL,5235032,01/09/2007,30/09/2007,U,NA,NA,88,10,NA,NA,NA,NA,NA,Albacore,Thunnus alalunga,TEMPERATE,1x1,499,29,NA
ALB,224442,2007,KOR,KOR,LL,5235032,01/09/2007,30/09/2007,U,NA,NA,87,10,NA,NA,NA,NA,NA,Albacore,Thunnus alalunga,TEMPERATE,1x1,499,29,NA
ALB,224443,2007,KOR,KOR,LL,5235032,01/09/2007,30/09/2007,U,NA,NA,89,10,NA,NA,NA,NA,NA,Albacore,Thunnus alalunga,TEMPERATE,1x1,499,29,NA
ALB,224444,2007,KOR,KOR,LL,5235032,01/09/2007,30/09/2007,U,NA,NA,79,6,NA,NA,NA,NA,NA,Albacore,Thunnus alalunga,TEMPERATE,1x1,499,29,NA
ALB,224445,2007,KOR,KOR,LL,5235032,01/09/2007,30/09/2007,U,NA,NA,79,6,NA,NA,NA,NA,NA,Albacore,Thunnus alalunga,TEMPERATE,1x1,499,29,NA
ALB,224446,2007,KOR,KOR,LL,5235032,01/09/2007,30/09/2007,U,NA,NA,78,7,NA,NA,NA,NA,NA,Albacore,Thunnus alalunga,TEMPERATE,1x1,499,29,NA
ALB,224447,2007,KOR,KOR,LL,5235032,01/09/2007,30/09/2007,U,NA,NA,87,10,NA,NA,NA,NA,NA,Albacore,Thunnus alalunga,TEMPERATE,1x1,499,29,NA
ALB,224448,2007,KOR,KOR,LL,5235032,01/09/2007,30/09/2007,U,NA,NA,78,7,NA,NA,NA,NA,NA,Albacore,Thunnus alalunga,TEMPERATE,1x1,499,29,NA
ALB,224449,2007,KOR,KOR,LL,5235032,01/09/2007,30/09/2007,U,NA,NA,78,7,NA,NA,NA,NA,NA,Albacore,Thunnus alalunga,TEMPERATE,1x1,499,29,NA
ALB,224450,2007,KOR,KOR,LL,5235032,01/09/2007,30/09/2007,U,NA,NA,86,10,NA,NA,NA,NA,NA,Albacore,Thunnus alalunga,TEMPERATE,1x1,499,29,NA
ALB,224451,2007,KOR,KOR,LL,5235032,01/09/2007,30/09/2007,U,NA,NA,87,10,NA,NA,NA,NA,NA,Albacore,Thunnus alalunga,TEMPERATE,1x1,499,29,NA
ALB,224452,2007,KOR,KOR,LL,5235032,01/09/2007,30/09/2007,U,NA,NA,79,6,NA,NA,NA,NA,NA,Albacore,Thunnus alalunga,TEMPERATE,1x1,499,29,NA
ALB,224453,2007,KOR,KOR,LL,5235032,01/09/2007,30/09/2007,U,NA,NA,78,7,NA,NA,NA,NA,NA,Albacore,Thunnus alalunga,TEMPERATE,1x1,499,29,NA
ALB,224454,2007,KOR,KOR,LL,5235032,01/09/2007,30/09/2007,U,NA,NA,79,6,NA,NA,NA,NA,NA,Albacore,Thunnus alalunga,TEMPERATE,1x1,499,29,NA
ALB,224455,2007,KOR,KOR,LL,5235032,01/09/2007,30/09/2007,U,NA,NA,78,6,NA,NA,NA,NA,NA,Albacore,Thunnus alalunga,TEMPERATE,1x1,499,29,NA
ALB,224456,2007,KOR,KOR,LL,5235032,01/09/2007,30/09/2007,U,NA,NA,75,5,NA,NA,NA,NA,NA,Albacore,Thunnus alalunga,TEMPERATE,1x1,499,29,NA
ALB,224457,2007,KOR,KOR,LL,5235032,01/09/2007,30/09/2007,U,NA,NA,80,6.5,NA,NA,NA,NA,NA,Albacore,Thunnus alalunga,TEMPERATE,1x1,499,29,NA
ALB,224458,2007,KOR,KOR,LL,5235032,01/09/2007,30/09/2007,U,NA,NA,79,6,NA,NA,NA,NA,NA,Albacore,Thunnus alalunga,TEMPERATE,1x1,499,29,NA
ALB,224459,2007,KOR,KOR,LL,5235032,01/09/2007,30/09/2007,U,NA,NA,75,5.5,NA,NA,NA,NA,NA,Albacore,Thunnus alalunga,TEMPERATE,1x1,499,29,NA
ALB,224461,2007,KOR,KOR,LL,5235032,01/09/2007,30/09/2007,U,NA,NA,89,10,NA,NA,NA,NA,NA,Albacore,Thunnus alalunga,TEMPERATE,1x1,499,29,NA
ALB,224462,2007,KOR,KOR,LL,5235032,01/09/2007,30/09/2007,U,NA,NA,88,9.5,NA,NA,NA,NA,NA,Albacore,Thunnus alalunga,TEMPERATE,1x1,499,29,NA
ALB,224463,2007,KOR,KOR,LL,5235032,01/09/2007,30/09/2007,U,NA,NA,79,6.5,NA,NA,NA,NA,NA,Albacore,Thunnus alalunga,TEMPERATE,1x1,499,29,NA
ALB,224464,2007,KOR,KOR,LL,5235032,01/09/2007,30/09/2007,U,NA,NA,87,10,NA,NA,NA,NA,NA,Albacore,Thunnus alalunga,TEMPERATE,1x1,499,29,NA
ALB,224465,2007,KOR,KOR,LL,5235032,01/09/2007,30/09/2007,U,NA,NA,84,8,NA,NA,NA,NA,NA,Albacore,Thunnus alalunga,TEMPERATE,1x1,499,29,NA
ALB,224466,2007,KOR,KOR,LL,5235032,01/09/2007,30/09/2007,U,NA,NA,79,7,NA,NA,NA,NA,NA,Albacore,Thunnus alalunga,TEMPERATE,1x1,499,29,NA
ALB,224467,2007,KOR,KOR,LL,5235032,01/09/2007,30/09/2007,U,NA,NA,80,6.5,NA,NA,NA,NA,NA,Albacore,Thunnus alalunga,TEMPERATE,1x1,499,29,NA
ALB,224468,2007,KOR,KOR,LL,5235031,01/09/2007,30/09/2007,U,NA,NA,78,7,NA,NA,NA,NA,NA,Albacore,Thunnus alalunga,TEMPERATE,1x1,499,29,NA
ALB,224469,2007,KOR,KOR,LL,5235031,01/09/2007,30/09/2007,U,NA,NA,97,16,NA,NA,NA,NA,NA,Albacore,Thunnus alalunga,TEMPERATE,1x1,499,29,NA
ALB,224470,2007,KOR,KOR,LL,5235031,01/09/2007,30/09/2007,U,NA,NA,81,7.5,NA,NA,NA,NA,NA,Albacore,Thunnus alalunga,TEMPERATE,1x1,499,29,NA
ALB,224471,2007,KOR,KOR,LL,5236030,01/09/2007,30/09/2007,U,NA,NA,78,5.5,NA,NA,NA,NA,NA,Albacore,Thunnus alalunga,TEMPERATE,1x1,499,29,NA
ALB,224472,2007,KOR,KOR,LL,5236030,01/09/2007,30/09/2007,U,NA,NA,79,6.5,NA,NA,NA,NA,NA,Albacore,Thunnus alalunga,TEMPERATE,1x1,499,29,NA
ALB,224473,2007,KOR,KOR,LL,5236030,01/09/2007,30/09/2007,U,NA,NA,68,3,NA,NA,NA,NA,NA,Albacore,Thunnus alalunga,TEMPERATE,1x1,499,29,NA
ALB,224474,2007,KOR,KOR,LL,5236030,01/09/2007,30/09/2007,U,NA,NA,78,7,NA,NA,NA,NA,NA,Albacore,Thunnus alalunga,TEMPERATE,1x1,499,29,NA
ALB,224475,2007,KOR,KOR,LL,5236031,01/09/2007,30/09/2007,U,NA,NA,79,7,NA,NA,NA,NA,NA,Albacore,Thunnus alalunga,TEMPERATE,1x1,499,29,NA
ALB,224476,2007,KOR,KOR,LL,5236031,01/09/2007,30/09/2007,U,NA,NA,81,7.5,NA,NA,NA,NA,NA,Albacore,Thunnus alalunga,TEMPERATE,1x1,499,29,NA
ALB,224477,2007,KOR,KOR,LL,5236031,01/09/2007,30/09/2007,U,NA,NA,89,11.5,NA,NA,NA,NA,NA,Albacore,Thunnus alalunga,TEMPERATE,1x1,499,29,NA
ALB,224478,2007,KOR,KOR,LL,5236031,01/09/2007,30/09/2007,U,NA,NA,82,7,NA,NA,NA,NA,NA,Albacore,Thunnus alalunga,TEMPERATE,1x1,499,29,NA
ALB,224479,2007,KOR,KOR,LL,5236031,01/09/2007,30/09/2007,U,NA,NA,89,11,NA,NA,NA,NA,NA,Albacore,Thunnus alalunga,TEMPERATE,1x1,499,29,NA
ALB,224480,2007,KOR,KOR,LL,5236031,01/09/2007,30/09/2007,U,NA,NA,75,5,NA,NA,NA,NA,NA,Albacore,Thunnus alalunga,TEMPERATE,1x1,499,29,NA
ALB,224481,2007,KOR,KOR,LL,5236031,01/09/2007,30/09/2007,U,NA,NA,91,10.5,NA,NA,NA,NA,NA,Albacore,Thunnus alalunga,TEMPERATE,1x1,499,29,NA
ALB,224482,2007,KOR,KOR,LL,5237031,01/09/2007,30/09/2007,U,NA,NA,76,5,NA,NA,NA,NA,NA,Albacore,Thunnus alalunga,TEMPERATE,1x1,499,29,NA
ALB,224483,2007,KOR,KOR,LL,5237031,01/09/2007,30/09/2007,U,NA,NA,81,7,NA,NA,NA,NA,NA,Albacore,Thunnus alalunga,TEMPERATE,1x1,499,29,NA
ALB,224484,2007,KOR,KOR,LL,5237031,01/09/2007,30/09/2007,U,NA,NA,84,7.5,NA,NA,NA,NA,NA,Albacore,Thunnus alalunga,TEMPERATE,1x1,499,29,NA
ALB,224485,2007,KOR,KOR,LL,5237031,01/09/2007,30/09/2007,U,NA,NA,92,10,NA,NA,NA,NA,NA,Albacore,Thunnus alalunga,TEMPERATE,1x1,499,29,NA
ALB,224486,2007,KOR,KOR,LL,5237031,01/09/2007,30/09/2007,U,NA,NA,83,7,NA,NA,NA,NA,NA,Albacore,Thunnus alalunga,TEMPERATE,1x1,499,29,NA
ALB,224487,2007,KOR,KOR,LL,5237031,01/09/2007,30/09/2007,U,NA,NA,90,11,NA,NA,NA,NA,NA,Albacore,Thunnus alalunga,TEMPERATE,1x1,499,29,NA
ALB,224488,2007,KOR,KOR,LL,5237031,01/09/2007,30/09/2007,U,NA,NA,91,11,NA,NA,NA,NA,NA,Albacore,Thunnus alalunga,TEMPERATE,1x1,499,29,NA
ALB,224489,2007,KOR,KOR,LL,5237031,01/09/2007,30/09/2007,U,NA,NA,88,10,NA,NA,NA,NA,NA,Albacore,Thunnus alalunga,TEMPERATE,1x1,499,29,NA
ALB,224490,2007,KOR,KOR,LL,5237031,01/09/2007,30/09/2007,U,NA,NA,92,13,NA,NA,NA,NA,NA,Albacore,Thunnus alalunga,TEMPERATE,1x1,499,29,NA
ALB,224491,2007,KOR,KOR,LL,5237031,01/09/2007,30/09/2007,U,NA,NA,85,7,NA,NA,NA,NA,NA,Albacore,Thunnus alalunga,TEMPERATE,1x1,499,29,NA
ALB,224492,2007,KOR,KOR,LL,5237031,01/09/2007,30/09/2007,U,NA,NA,85,8,NA,NA,NA,NA,NA,Albacore,Thunnus alalunga,TEMPERATE,1x1,499,29,NA
ALB,224493,2007,KOR,KOR,LL,5236032,01/09/2007,30/09/2007,U,NA,NA,73,5.5,NA,NA,NA,NA,NA,Albacore,Thunnus alalunga,TEMPERATE,1x1,499,29,NA
ALB,224494,2007,KOR,KOR,LL,5236034,01/09/2007,30/09/2007,U,NA,NA,74,5,NA,NA,NA,NA,NA,Albacore,Thunnus alalunga,TEMPERATE,1x1,499,29,NA
ALB,224495,2007,KOR,KOR,LL,5236034,01/09/2007,30/09/2007,U,NA,NA,68,3.5,NA,NA,NA,NA,NA,Albacore,Thunnus alalunga,TEMPERATE,1x1,499,29,NA
ALB,224496,2007,KOR,KOR,LL,5236034,01/09/2007,30/09/2007,U,NA,NA,83,7,NA,NA,NA,NA,NA,Albacore,Thunnus alalunga,TEMPERATE,1x1,499,29,NA
ALB,224497,2007,KOR,KOR,LL,5236034,01/09/2007,30/09/2007,U,NA,NA,92,10,NA,NA,NA,NA,NA,Albacore,Thunnus alalunga,TEMPERATE,1x1,499,29,NA
ALB,224498,2007,KOR,KOR,LL,5236034,01/10/2007,30/10/2007,U,NA,NA,102,21,NA,NA,NA,NA,NA,Albacore,Thunnus alalunga,TEMPERATE,1x1,499,29,NA
ALB,224499,2007,KOR,KOR,LL,5236034,01/10/2007,30/10/2007,U,NA,NA,77,6,NA,NA,NA,NA,NA,Albacore,Thunnus alalunga,TEMPERATE,1x1,499,29,NA
ALB,224500,2007,KOR,KOR,LL,5236034,01/10/2007,30/10/2007,U,NA,NA,80,6,NA,NA,NA,NA,NA,Albacore,Thunnus alalunga,TEMPERATE,1x1,499,29,NA
ALB,224501,2007,KOR,KOR,LL,5236034,01/10/2007,30/10/2007,U,NA,NA,76,6,NA,NA,NA,NA,NA,Albacore,Thunnus alalunga,TEMPERATE,1x1,499,29,NA
ALB,224502,2007,KOR,KOR,LL,5236034,01/10/2007,30/10/2007,U,NA,NA,84,8,NA,NA,NA,NA,NA,Albacore,Thunnus alalunga,TEMPERATE,1x1,499,29,NA
ALB,224503,2007,KOR,KOR,LL,5236034,01/10/2007,30/10/2007,U,NA,NA,84,8.5,NA,NA,NA,NA,NA,Albacore,Thunnus alalunga,TEMPERATE,1x1,499,29,NA
ALB,224504,2007,KOR,KOR,LL,5236034,01/10/2007,30/10/2007,U,NA,NA,88,10,NA,NA,NA,NA,NA,Albacore,Thunnus alalunga,TEMPERATE,1x1,499,29,NA
ALB,224505,2007,KOR,KOR,LL,5235034,01/10/2007,30/10/2007,U,NA,NA,79,6,NA,NA,NA,NA,NA,Albacore,Thunnus alalunga,TEMPERATE,1x1,499,29,NA
ALB,224506,2007,KOR,KOR,LL,5235034,01/10/2007,30/10/2007,U,NA,NA,85,8,NA,NA,NA,NA,NA,Albacore,Thunnus alalunga,TEMPERATE,1x1,499,29,NA
ALB,224507,2007,KOR,KOR,LL,5235034,01/10/2007,30/10/2007,U,NA,NA,97,13,NA,NA,NA,NA,NA,Albacore,Thunnus alalunga,TEMPERATE,1x1,499,29,NA
ALB,224508,2007,KOR,KOR,LL,5235034,01/10/2007,30/10/2007,U,NA,NA,87,8.5,NA,NA,NA,NA,NA,Albacore,Thunnus alalunga,TEMPERATE,1x1,499,29,NA
ALB,224509,2007,KOR,KOR,LL,5235034,01/10/2007,30/10/2007,U,NA,NA,78,6,NA,NA,NA,NA,NA,Albacore,Thunnus alalunga,TEMPERATE,1x1,499,29,NA
ALB,224510,2007,KOR,KOR,LL,5235034,01/10/2007,30/10/2007,U,NA,NA,76,5,NA,NA,NA,NA,NA,Albacore,Thunnus alalunga,TEMPERATE,1x1,499,29,NA
ALB,224511,2007,KOR,KOR,LL,5235034,01/10/2007,30/10/2007,U,NA,NA,86,7.5,NA,NA,NA,NA,NA,Albacore,Thunnus alalunga,TEMPERATE,1x1,499,29,NA
ALB,224512,2007,KOR,KOR,LL,5235034,01/10/2007,30/10/2007,U,NA,NA,82,8.5,NA,NA,NA,NA,NA,Albacore,Thunnus alalunga,TEMPERATE,1x1,499,29,NA
ALB,224513,2007,KOR,KOR,LL,5235034,01/10/2007,30/10/2007,U,NA,NA,81,7.5,NA,NA,NA,NA,NA,Albacore,Thunnus alalunga,TEMPERATE,1x1,499,29,NA
ALB,224514,2007,KOR,KOR,LL,5235034,01/10/2007,30/10/2007,U,NA,NA,79,7,NA,NA,NA,NA,NA,Albacore,Thunnus alalunga,TEMPERATE,1x1,499,29,NA
ALB,224515,2007,KOR,KOR,LL,5235034,01/10/2007,30/10/2007,U,NA,NA,78,7,NA,NA,NA,NA,NA,Albacore,Thunnus alalunga,TEMPERATE,1x1,499,29,NA
ALB,224516,2007,KOR,KOR,LL,5235034,01/10/2007,30/10/2007,U,NA,NA,85,10,NA,NA,NA,NA,NA,Albacore,Thunnus alalunga,TEMPERATE,1x1,499,29,NA
ALB,224517,2007,KOR,KOR,LL,5235034,01/10/2007,30/10/2007,U,NA,NA,85,10,NA,NA,NA,NA,NA,Albacore,Thunnus alalunga,TEMPERATE,1x1,499,29,NA
ALB,224518,2007,KOR,KOR,LL,5235034,01/10/2007,30/10/2007,U,NA,NA,73,5.5,NA,NA,NA,NA,NA,Albacore,Thunnus alalunga,TEMPERATE,1x1,499,29,NA
ALB,224519,2007,KOR,KOR,LL,5235034,01/10/2007,30/10/2007,U,NA,NA,79,7,NA,NA,NA,NA,NA,Albacore,Thunnus alalunga,TEMPERATE,1x1,499,29,NA
ALB,224520,2007,KOR,KOR,LL,5235034,01/10/2007,30/10/2007,U,NA,NA,77,7,NA,NA,NA,NA,NA,Albacore,Thunnus alalunga,TEMPERATE,1x1,499,29,NA
ALB,224521,2007,KOR,KOR,LL,5235034,01/10/2007,30/10/2007,U,NA,NA,84,10,NA,NA,NA,NA,NA,Albacore,Thunnus alalunga,TEMPERATE,1x1,499,29,NA
ALB,224522,2007,KOR,KOR,LL,5235034,01/10/2007,30/10/2007,U,NA,NA,72,5.5,NA,NA,NA,NA,NA,Albacore,Thunnus alalunga,TEMPERATE,1x1,499,29,NA
ALB,224524,2007,KOR,KOR,LL,5235034,01/10/2007,30/10/2007,U,NA,NA,79,6,NA,NA,NA,NA,NA,Albacore,Thunnus alalunga,TEMPERATE,1x1,499,29,NA
ALB,224525,2007,KOR,KOR,LL,5230041,01/10/2007,30/10/2007,U,NA,NA,108,21,NA,NA,NA,NA,NA,Albacore,Thunnus alalunga,TEMPERATE,1x1,499,29,NA
ALB,224526,2007,KOR,KOR,LL,5230041,01/10/2007,30/10/2007,U,NA,NA,111,24,NA,NA,NA,NA,NA,Albacore,Thunnus alalunga,TEMPERATE,1x1,499,29,NA
ALB,224527,2007,KOR,KOR,LL,5230041,01/10/2007,30/10/2007,U,NA,NA,108,23.5,NA,NA,NA,NA,NA,Albacore,Thunnus alalunga,TEMPERATE,1x1,499,29,NA
ALB,224528,2007,KOR,KOR,LL,5230041,01/10/2007,30/10/2007,U,NA,NA,111,26.5,NA,NA,NA,NA,NA,Albacore,Thunnus alalunga,TEMPERATE,1x1,499,29,NA
ALB,224529,2007,KOR,KOR,LL,5230041,01/10/2007,30/10/2007,U,NA,NA,98,17,NA,NA,NA,NA,NA,Albacore,Thunnus alalunga,TEMPERATE,1x1,499,29,NA
ALB,224530,2007,KOR,KOR,LL,5230041,01/10/2007,30/10/2007,U,NA,NA,103,22,NA,NA,NA,NA,NA,Albacore,Thunnus alalunga,TEMPERATE,1x1,499,29,NA
ALB,224531,2007,KOR,KOR,LL,5230041,01/10/2007,30/10/2007,U,NA,NA,107,23,NA,NA,NA,NA,NA,Albacore,Thunnus alalunga,TEMPERATE,1x1,499,29,NA
ALB,224532,2007,KOR,KOR,LL,5230041,01/10/2007,30/10/2007,U,NA,NA,104,20,NA,NA,NA,NA,NA,Albacore,Thunnus alalunga,TEMPERATE,1x1,499,29,NA
ALB,224533,2007,KOR,KOR,LL,5230041,01/10/2007,30/10/2007,U,NA,NA,104,20,NA,NA,NA,NA,NA,Albacore,Thunnus alalunga,TEMPERATE,1x1,499,29,NA
ALB,224534,2007,KOR,KOR,LL,5230041,01/10/2007,30/10/2007,U,NA,NA,109,23,NA,NA,NA,NA,NA,Albacore,Thunnus alalunga,TEMPERATE,1x1,499,29,NA
ALB,224535,2007,KOR,KOR,LL,5230041,01/10/2007,30/10/2007,U,NA,NA,100,18,NA,NA,NA,NA,NA,Albacore,Thunnus alalunga,TEMPERATE,1x1,499,29,NA
ALB,224536,2007,KOR,KOR,LL,5230041,01/10/2007,30/10/2007,U,NA,NA,113,24,NA,NA,NA,NA,NA,Albacore,Thunnus alalunga,TEMPERATE,1x1,499,29,NA
ALB,224537,2007,KOR,KOR,LL,5230041,01/10/2007,30/10/2007,U,NA,NA,111,25,NA,NA,NA,NA,NA,Albacore,Thunnus alalunga,TEMPERATE,1x1,499,29,NA
ALB,224538,2007,KOR,KOR,LL,5230041,01/10/2007,30/10/2007,U,NA,NA,107,23,NA,NA,NA,NA,NA,Albacore,Thunnus alalunga,TEMPERATE,1x1,499,29,NA
ALB,224539,2007,KOR,KOR,LL,5230041,01/10/2007,30/10/2007,U,NA,NA,112,24,NA,NA,NA,NA,NA,Albacore,Thunnus alalunga,TEMPERATE,1x1,499,29,NA
ALB,224540,2007,KOR,KOR,LL,5230041,01/10/2007,30/10/2007,U,NA,NA,110,21,NA,NA,NA,NA,NA,Albacore,Thunnus alalunga,TEMPERATE,1x1,499,29,NA
ALB,224541,2007,KOR,KOR,LL,5230041,01/10/2007,30/10/2007,U,NA,NA,112,24,NA,NA,NA,NA,NA,Albacore,Thunnus alalunga,TEMPERATE,1x1,499,29,NA
ALB,224542,2007,KOR,KOR,LL,5230041,01/10/2007,30/10/2007,U,NA,NA,117,30,NA,NA,NA,NA,NA,Albacore,Thunnus alalunga,TEMPERATE,1x1,499,29,NA
ALB,224543,2007,KOR,KOR,LL,5230041,01/10/2007,30/10/2007,U,NA,NA,105,20.5,NA,NA,NA,NA,NA,Albacore,Thunnus alalunga,TEMPERATE,1x1,499,29,NA
ALB,224544,2007,KOR,KOR,LL,5230041,01/10/2007,30/10/2007,U,NA,NA,103,20,NA,NA,NA,NA,NA,Albacore,Thunnus alalunga,TEMPERATE,1x1,499,29,NA
ALB,224545,2007,KOR,KOR,LL,5230041,01/10/2007,30/10/2007,U,NA,NA,112,23,NA,NA,NA,NA,NA,Albacore,Thunnus alalunga,TEMPERATE,1x1,499,29,NA
ALB,224546,2007,KOR,KOR,LL,5230041,01/10/2007,30/10/2007,U,NA,NA,103,22,NA,NA,NA,NA,NA,Albacore,Thunnus alalunga,TEMPERATE,1x1,499,29,NA
ALB,224547,2007,KOR,KOR,LL,5230041,01/10/2007,30/10/2007,U,NA,NA,113,25,NA,NA,NA,NA,NA,Albacore,Thunnus alalunga,TEMPERATE,1x1,499,29,NA
ALB,224548,2007,KOR,KOR,LL,5230041,01/10/2007,30/10/2007,U,NA,NA,102,17,NA,NA,NA,NA,NA,Albacore,Thunnus alalunga,TEMPERATE,1x1,499,29,NA
ALB,224549,2007,KOR,KOR,LL,5228047,01/10/2007,30/10/2007,U,NA,NA,103,17,NA,NA,NA,NA,NA,Albacore,Thunnus alalunga,TEMPERATE,1x1,499,29,NA
ALB,224550,2007,KOR,KOR,LL,5228047,01/10/2007,30/10/2007,U,NA,NA,102,17,NA,NA,NA,NA,NA,Albacore,Thunnus alalunga,TEMPERATE,1x1,499,29,NA
ALB,224551,2007,KOR,KOR,LL,5228047,01/10/2007,30/10/2007,U,NA,NA,95,13,NA,NA,NA,NA,NA,Albacore,Thunnus alalunga,TEMPERATE,1x1,499,29,NA
ALB,224552,2007,KOR,KOR,LL,5228047,01/10/2007,30/10/2007,U,NA,NA,104,22.5,NA,NA,NA,NA,NA,Albacore,Thunnus alalunga,TEMPERATE,1x1,499,29,NA
ALB,224553,2007,KOR,KOR,LL,5228047,01/10/2007,30/10/2007,U,NA,NA,103,18,NA,NA,NA,NA,NA,Albacore,Thunnus alalunga,TEMPERATE,1x1,499,29,NA
ALB,224554,2007,KOR,KOR,LL,5228047,01/10/2007,30/10/2007,U,NA,NA,106,20,NA,NA,NA,NA,NA,Albacore,Thunnus alalunga,TEMPERATE,1x1,499,29,NA
ALB,224555,2007,KOR,KOR,LL,5228047,01/10/2007,30/10/2007,U,NA,NA,113,26,NA,NA,NA,NA,NA,Albacore,Thunnus alalunga,TEMPERATE,1x1,499,29,NA
ALB,224556,2007,KOR,KOR,LL,5234034,01/10/2007,30/10/2007,U,NA,NA,84,10,NA,NA,NA,NA,NA,Albacore,Thunnus alalunga,TEMPERATE,1x1,499,29,NA
ALB,224557,2007,KOR,KOR,LL,5234034,01/10/2007,30/10/2007,U,NA,NA,77,8,NA,NA,NA,NA,NA,Albacore,Thunnus alalunga,TEMPERATE,1x1,499,29,NA
ALB,224558,2007,KOR,KOR,LL,5234034,01/10/2007,30/10/2007,U,NA,NA,77,6,NA,NA,NA,NA,NA,Albacore,Thunnus alalunga,TEMPERATE,1x1,499,29,NA
ALB,224559,2007,KOR,KOR,LL,5234034,01/10/2007,30/10/2007,U,NA,NA,81,7,NA,NA,NA,NA,NA,Albacore,Thunnus alalunga,TEMPERATE,1x1,499,29,NA
ALB,224560,2007,KOR,KOR,LL,5235034,01/10/2007,30/10/2007,U,NA,NA,82,7,NA,NA,NA,NA,NA,Albacore,Thunnus alalunga,TEMPERATE,1x1,499,29,NA
ALB,224561,2007,KOR,KOR,LL,5235034,01/10/2007,30/10/2007,U,NA,NA,81,7,NA,NA,NA,NA,NA,Albacore,Thunnus alalunga,TEMPERATE,1x1,499,29,NA
ALB,224562,2007,KOR,KOR,LL,5235034,01/10/2007,30/10/2007,U,NA,NA,71,4,NA,NA,NA,NA,NA,Albacore,Thunnus alalunga,TEMPERATE,1x1,499,29,NA
ALB,224563,2007,KOR,KOR,LL,5235034,01/10/2007,30/10/2007,U,NA,NA,74,5,NA,NA,NA,NA,NA,Albacore,Thunnus alalunga,TEMPERATE,1x1,499,29,NA
ALB,224564,2007,KOR,KOR,LL,5235034,01/10/2007,30/10/2007,U,NA,NA,104,19,NA,NA,NA,NA,NA,Albacore,Thunnus alalunga,TEMPERATE,1x1,499,29,NA
ALB,224565,2007,KOR,KOR,LL,5235035,01/10/2007,30/10/2007,U,NA,NA,83,8,NA,NA,NA,NA,NA,Albacore,Thunnus alalunga,TEMPERATE,1x1,499,29,NA
ALB,224566,2007,KOR,KOR,LL,5235035,01/10/2007,30/10/2007,U,NA,NA,78,7,NA,NA,NA,NA,NA,Albacore,Thunnus alalunga,TEMPERATE,1x1,499,29,NA
ALB,224567,2007,KOR,KOR,LL,5235035,01/10/2007,30/10/2007,U,NA,NA,79,7.5,NA,NA,NA,NA,NA,Albacore,Thunnus alalunga,TEMPERATE,1x1,499,29,NA
ALB,224568,2007,KOR,KOR,LL,5236035,01/10/2007,30/10/2007,U,NA,NA,81,7,NA,NA,NA,NA,NA,Albacore,Thunnus alalunga,TEMPERATE,1x1,499,29,NA
ALB,224569,2007,KOR,KOR,LL,5236035,01/10/2007,30/10/2007,U,NA,NA,91,10,NA,NA,NA,NA,NA,Albacore,Thunnus alalunga,TEMPERATE,1x1,499,29,NA
ALB,224570,2007,KOR,KOR,LL,5236036,01/10/2007,30/10/2007,U,NA,NA,84,10,NA,NA,NA,NA,NA,Albacore,Thunnus alalunga,TEMPERATE,1x1,499,29,NA
ALB,224571,2007,KOR,KOR,LL,5236036,01/10/2007,30/10/2007,U,NA,NA,77,8,NA,NA,NA,NA,NA,Albacore,Thunnus alalunga,TEMPERATE,1x1,499,29,NA
ALB,224572,2007,KOR,KOR,LL,5236036,01/10/2007,30/10/2007,U,NA,NA,83,8,NA,NA,NA,NA,NA,Albacore,Thunnus alalunga,TEMPERATE,1x1,499,29,NA
ALB,224573,2007,KOR,KOR,LL,5236036,01/10/2007,30/10/2007,U,NA,NA,79,7,NA,NA,NA,NA,NA,Albacore,Thunnus alalunga,TEMPERATE,1x1,499,29,NA
ALB,224574,2007,KOR,KOR,LL,5236036,01/10/2007,30/10/2007,U,NA,NA,73,5,NA,NA,NA,NA,NA,Albacore,Thunnus alalunga,TEMPERATE,1x1,499,29,NA
ALB,224575,2007,KOR,KOR,LL,5236036,01/10/2007,30/10/2007,U,NA,NA,91,11,NA,NA,NA,NA,NA,Albacore,Thunnus alalunga,TEMPERATE,1x1,499,29,NA
ALB,224576,2007,KOR,KOR,LL,5236036,01/10/2007,30/10/2007,U,NA,NA,83,8,NA,NA,NA,NA,NA,Albacore,Thunnus alalunga,TEMPERATE,1x1,499,29,NA
ALB,224577,2007,KOR,KOR,LL,5237027,01/10/2007,30/10/2007,U,NA,NA,93,15,NA,NA,NA,NA,NA,Albacore,Thunnus alalunga,TEMPERATE,1x1,499,29,NA
ALB,224578,2007,KOR,KOR,LL,5237027,01/10/2007,30/10/2007,U,NA,NA,89,10,NA,NA,NA,NA,NA,Albacore,Thunnus alalunga,TEMPERATE,1x1,499,29,NA
ALB,224579,2007,KOR,KOR,LL,5238026,01/10/2007,30/10/2007,U,NA,NA,93,10,NA,NA,NA,NA,NA,Albacore,Thunnus alalunga,TEMPERATE,1x1,499,29,NA
ALB,224580,2007,KOR,KOR,LL,5238026,01/10/2007,30/10/2007,U,NA,NA,84,10,NA,NA,NA,NA,NA,Albacore,Thunnus alalunga,TEMPERATE,1x1,499,29,NA
ALB,224581,2007,KOR,KOR,LL,5238026,01/10/2007,30/10/2007,U,NA,NA,93,15,NA,NA,NA,NA,NA,Albacore,Thunnus alalunga,TEMPERATE,1x1,499,29,NA
ALB,224582,2007,KOR,KOR,LL,5238026,01/10/2007,30/10/2007,U,NA,NA,80,7,NA,NA,NA,NA,NA,Albacore,Thunnus alalunga,TEMPERATE,1x1,499,29,NA
ALB,224583,2007,KOR,KOR,LL,5238026,01/10/2007,30/10/2007,U,NA,NA,84,10,NA,NA,NA,NA,NA,Albacore,Thunnus alalunga,TEMPERATE,1x1,499,29,NA
ALB,224584,2007,KOR,KOR,LL,5238026,01/10/2007,30/10/2007,U,NA,NA,83,10,NA,NA,NA,NA,NA,Albacore,Thunnus alalunga,TEMPERATE,1x1,499,29,NA
ALB,224585,2007,KOR,KOR,LL,5238026,01/10/2007,30/10/2007,U,NA,NA,87,10,NA,NA,NA,NA,NA,Albacore,Thunnus alalunga,TEMPERATE,1x1,499,29,NA
ALB,224586,2007,KOR,KOR,LL,5238026,01/10/2007,30/10/2007,U,NA,NA,79,7,NA,NA,NA,NA,NA,Albacore,Thunnus alalunga,TEMPERATE,1x1,499,29,NA
ALB,224587,2007,KOR,KOR,LL,5238026,01/10/2007,30/10/2007,U,NA,NA,84,10,NA,NA,NA,NA,NA,Albacore,Thunnus alalunga,TEMPERATE,1x1,499,29,NA
ALB,224588,2007,KOR,KOR,LL,5237026,01/10/2007,30/10/2007,U,NA,NA,79,7,NA,NA,NA,NA,NA,Albacore,Thunnus alalunga,TEMPERATE,1x1,499,29,NA
ALB,224589,2007,KOR,KOR,LL,5237026,01/10/2007,30/10/2007,U,NA,NA,92,15,NA,NA,NA,NA,NA,Albacore,Thunnus alalunga,TEMPERATE,1x1,499,29,NA
ALB,224590,2007,KOR,KOR,LL,5237026,01/10/2007,30/10/2007,U,NA,NA,94,15,NA,NA,NA,NA,NA,Albacore,Thunnus alalunga,TEMPERATE,1x1,499,29,NA
ALB,224591,2007,KOR,KOR,LL,5238028,01/10/2007,30/10/2007,U,NA,NA,85.5,11,NA,NA,NA,NA,NA,Albacore,Thunnus alalunga,TEMPERATE,1x1,499,29,NA
ALB,224592,2007,KOR,KOR,LL,5238028,01/10/2007,30/10/2007,U,NA,NA,116,28,NA,NA,NA,NA,NA,Albacore,Thunnus alalunga,TEMPERATE,1x1,499,29,NA
ALB,224593,2007,KOR,KOR,LL,5238028,01/10/2007,30/10/2007,U,NA,NA,108,23,NA,NA,NA,NA,NA,Albacore,Thunnus alalunga,TEMPERATE,1x1,499,29,NA
ALB,224594,2007,KOR,KOR,LL,5238028,01/10/2007,30/10/2007,U,NA,NA,95,13,NA,NA,NA,NA,NA,Albacore,Thunnus alalunga,TEMPERATE,1x1,499,29,NA
ALB,224595,2007,KOR,KOR,LL,5238028,01/10/2007,30/10/2007,U,NA,NA,80,7,NA,NA,NA,NA,NA,Albacore,Thunnus alalunga,TEMPERATE,1x1,499,29,NA
ALB,224596,2007,KOR,KOR,LL,5228040,01/11/2007,30/11/2007,U,NA,NA,94,15,NA,NA,NA,NA,NA,Albacore,Thunnus alalunga,TEMPERATE,1x1,499,29,NA
ALB,224597,2007,KOR,KOR,LL,5228040,01/11/2007,30/11/2007,U,NA,NA,102,20,NA,NA,NA,NA,NA,Albacore,Thunnus alalunga,TEMPERATE,1x1,499,29,NA
ALB,224598,2007,KOR,KOR,LL,5228040,01/11/2007,30/11/2007,U,NA,NA,102,20,NA,NA,NA,NA,NA,Albacore,Thunnus alalunga,TEMPERATE,1x1,499,29,NA
ALB,224599,2007,KOR,KOR,LL,5228040,01/11/2007,30/11/2007,U,NA,NA,96,18.5,NA,NA,NA,NA,NA,Albacore,Thunnus alalunga,TEMPERATE,1x1,499,29,NA
ALB,224600,2007,KOR,KOR,LL,5228040,01/11/2007,30/11/2007,U,NA,NA,100,20,NA,NA,NA,NA,NA,Albacore,Thunnus alalunga,TEMPERATE,1x1,499,29,NA
ALB,224601,2007,KOR,KOR,LL,5227041,01/11/2007,30/11/2007,U,NA,NA,103,19,NA,NA,NA,NA,NA,Albacore,Thunnus alalunga,TEMPERATE,1x1,499,29,NA
ALB,224602,2007,KOR,KOR,LL,5227041,01/11/2007,30/11/2007,U,NA,NA,98,18,NA,NA,NA,NA,NA,Albacore,Thunnus alalunga,TEMPERATE,1x1,499,29,NA
ALB,224603,2007,KOR,KOR,LL,5227041,01/11/2007,30/11/2007,U,NA,NA,98,18,NA,NA,NA,NA,NA,Albacore,Thunnus alalunga,TEMPERATE,1x1,499,29,NA
ALB,224604,2007,KOR,KOR,LL,5227041,01/11/2007,30/11/2007,U,NA,NA,104,20,NA,NA,NA,NA,NA,Albacore,Thunnus alalunga,TEMPERATE,1x1,499,29,NA
ALB,224605,2007,KOR,KOR,LL,5227041,01/11/2007,30/11/2007,U,NA,NA,115,28,NA,NA,NA,NA,NA,Albacore,Thunnus alalunga,TEMPERATE,1x1,499,29,NA
ALB,224606,2007,KOR,KOR,LL,5227041,01/11/2007,30/11/2007,U,NA,NA,103,18.5,NA,NA,NA,NA,NA,Albacore,Thunnus alalunga,TEMPERATE,1x1,499,29,NA
ALB,224607,2007,KOR,KOR,LL,5227041,01/11/2007,30/11/2007,U,NA,NA,102,18,NA,NA,NA,NA,NA,Albacore,Thunnus alalunga,TEMPERATE,1x1,499,29,NA
ALB,224608,2007,KOR,KOR,LL,5227041,01/11/2007,30/11/2007,U,NA,NA,98,18.5,NA,NA,NA,NA,NA,Albacore,Thunnus alalunga,TEMPERATE,1x1,499,29,NA
ALB,224609,2007,KOR,KOR,LL,5227041,01/11/2007,30/11/2007,U,NA,NA,107,22,NA,NA,NA,NA,NA,Albacore,Thunnus alalunga,TEMPERATE,1x1,499,29,NA
ALB,224610,2007,KOR,KOR,LL,5227041,01/11/2007,30/11/2007,U,NA,NA,105,25,NA,NA,NA,NA,NA,Albacore,Thunnus alalunga,TEMPERATE,1x1,499,29,NA
ALB,224611,2007,KOR,KOR,LL,5227040,01/11/2007,30/11/2007,U,NA,NA,103,17,NA,NA,NA,NA,NA,Albacore,Thunnus alalunga,TEMPERATE,1x1,499,29,NA
ALB,224612,2007,KOR,KOR,LL,5227040,01/11/2007,30/11/2007,U,NA,NA,108,21,NA,NA,NA,NA,NA,Albacore,Thunnus alalunga,TEMPERATE,1x1,499,29,NA
ALB,224613,2007,KOR,KOR,LL,5227040,01/11/2007,30/11/2007,U,NA,NA,104,17,NA,NA,NA,NA,NA,Albacore,Thunnus alalunga,TEMPERATE,1x1,499,29,NA
ALB,224614,2007,KOR,KOR,LL,5227040,01/11/2007,30/11/2007,U,NA,NA,106,22,NA,NA,NA,NA,NA,Albacore,Thunnus alalunga,TEMPERATE,1x1,499,29,NA
ALB,224615,2007,KOR,KOR,LL,5227040,01/11/2007,30/11/2007,U,NA,NA,110,25,NA,NA,NA,NA,NA,Albacore,Thunnus alalunga,TEMPERATE,1x1,499,29,NA
ALB,224616,2007,KOR,KOR,LL,5227040,01/11/2007,30/11/2007,U,NA,NA,98,16,NA,NA,NA,NA,NA,Albacore,Thunnus alalunga,TEMPERATE,1x1,499,29,NA
ALB,224617,2007,KOR,KOR,LL,5227040,01/11/2007,30/11/2007,U,NA,NA,108,22,NA,NA,NA,NA,NA,Albacore,Thunnus alalunga,TEMPERATE,1x1,499,29,NA
ALB,224618,2007,KOR,KOR,LL,5227040,01/11/2007,30/11/2007,U,NA,NA,103,17,NA,NA,NA,NA,NA,Albacore,Thunnus alalunga,TEMPERATE,1x1,499,29,NA
ALB,224619,2007,KOR,KOR,LL,5227040,01/11/2007,30/11/2007,U,NA,NA,106,25,NA,NA,NA,NA,NA,Albacore,Thunnus alalunga,TEMPERATE,1x1,499,29,NA
ALB,224620,2007,KOR,KOR,LL,5227040,01/11/2007,30/11/2007,U,NA,NA,104,19.5,NA,NA,NA,NA,NA,Albacore,Thunnus alalunga,TEMPERATE,1x1,499,29,NA
ALB,224621,2007,KOR,KOR,LL,5227039,01/11/2007,30/11/2007,U,NA,NA,106,25,NA,NA,NA,NA,NA,Albacore,Thunnus alalunga,TEMPERATE,1x1,499,29,NA
ALB,224622,2007,KOR,KOR,LL,5227039,01/11/2007,30/11/2007,U,NA,NA,90,12,NA,NA,NA,NA,NA,Albacore,Thunnus alalunga,TEMPERATE,1x1,499,29,NA
ALB,224623,2007,KOR,KOR,LL,5227039,01/11/2007,30/11/2007,U,NA,NA,93,15.5,NA,NA,NA,NA,NA,Albacore,Thunnus alalunga,TEMPERATE,1x1,499,29,NA
ALB,224624,2007,KOR,KOR,LL,5227039,01/11/2007,30/11/2007,U,NA,NA,105,21,NA,NA,NA,NA,NA,Albacore,Thunnus alalunga,TEMPERATE,1x1,499,29,NA
ALB,224625,2007,KOR,KOR,LL,5227039,01/11/2007,30/11/2007,U,NA,NA,107,26,NA,NA,NA,NA,NA,Albacore,Thunnus alalunga,TEMPERATE,1x1,499,29,NA
ALB,224626,2007,KOR,KOR,LL,5227039,01/11/2007,30/11/2007,U,NA,NA,116,28,NA,NA,NA,NA,NA,Albacore,Thunnus alalunga,TEMPERATE,1x1,499,29,NA
ALB,224627,2007,KOR,KOR,LL,5227039,01/11/2007,30/11/2007,U,NA,NA,99,16.5,NA,NA,NA,NA,NA,Albacore,Thunnus alalunga,TEMPERATE,1x1,499,29,NA
ALB,224628,2007,KOR,KOR,LL,5227039,01/11/2007,30/11/2007,U,NA,NA,107,20.5,NA,NA,NA,NA,NA,Albacore,Thunnus alalunga,TEMPERATE,1x1,499,29,NA
ALB,224629,2007,KOR,KOR,LL,5227039,01/11/2007,30/11/2007,U,NA,NA,103,20,NA,NA,NA,NA,NA,Albacore,Thunnus alalunga,TEMPERATE,1x1,499,29,NA
ALB,224630,2007,KOR,KOR,LL,5227039,01/11/2007,30/11/2007,U,NA,NA,98,19,NA,NA,NA,NA,NA,Albacore,Thunnus alalunga,TEMPERATE,1x1,499,29,NA
ALB,224631,2007,KOR,KOR,LL,5227039,01/11/2007,30/11/2007,U,NA,NA,100,18,NA,NA,NA,NA,NA,Albacore,Thunnus alalunga,TEMPERATE,1x1,499,29,NA
ALB,224632,2007,KOR,KOR,LL,5227039,01/11/2007,30/11/2007,U,NA,NA,102,17,NA,NA,NA,NA,NA,Albacore,Thunnus alalunga,TEMPERATE,1x1,499,29,NA
ALB,224633,2007,KOR,KOR,LL,5227039,01/11/2007,30/11/2007,U,NA,NA,105,20,NA,NA,NA,NA,NA,Albacore,Thunnus alalunga,TEMPERATE,1x1,499,29,NA
ALB,224634,2007,KOR,KOR,LL,5227039,01/11/2007,30/11/2007,U,NA,NA,104,20,NA,NA,NA,NA,NA,Albacore,Thunnus alalunga,TEMPERATE,1x1,499,29,NA
ALB,224635,2007,KOR,KOR,LL,5227039,01/11/2007,30/11/2007,U,NA,NA,101,18,NA,NA,NA,NA,NA,Albacore,Thunnus alalunga,TEMPERATE,1x1,499,29,NA
ALB,224636,2007,KOR,KOR,LL,5227039,01/11/2007,30/11/2007,U,NA,NA,111,25,NA,NA,NA,NA,NA,Albacore,Thunnus alalunga,TEMPERATE,1x1,499,29,NA
ALB,224637,2007,KOR,KOR,LL,5227039,01/11/2007,30/11/2007,U,NA,NA,100,16,NA,NA,NA,NA,NA,Albacore,Thunnus alalunga,TEMPERATE,1x1,499,29,NA
ALB,224638,2007,KOR,KOR,LL,5227039,01/11/2007,30/11/2007,U,NA,NA,99,16.5,NA,NA,NA,NA,NA,Albacore,Thunnus alalunga,TEMPERATE,1x1,499,29,NA
ALB,224639,2007,KOR,KOR,LL,5227039,01/11/2007,30/11/2007,U,NA,NA,100,16,NA,NA,NA,NA,NA,Albacore,Thunnus alalunga,TEMPERATE,1x1,499,29,NA
ALB,224640,2007,KOR,KOR,LL,5227039,01/11/2007,30/11/2007,U,NA,NA,108,21,NA,NA,NA,NA,NA,Albacore,Thunnus alalunga,TEMPERATE,1x1,499,29,NA
ALB,224641,2007,KOR,KOR,LL,5227038,01/11/2007,30/11/2007,U,NA,NA,103,20,NA,NA,NA,NA,NA,Albacore,Thunnus alalunga,TEMPERATE,1x1,499,29,NA
ALB,224642,2007,KOR,KOR,LL,5227038,01/11/2007,30/11/2007,U,NA,NA,102,20,NA,NA,NA,NA,NA,Albacore,Thunnus alalunga,TEMPERATE,1x1,499,29,NA
ALB,224643,2007,KOR,KOR,LL,5227038,01/11/2007,30/11/2007,U,NA,NA,101,17.5,NA,NA,NA,NA,NA,Albacore,Thunnus alalunga,TEMPERATE,1x1,499,29,NA
ALB,224644,2007,KOR,KOR,LL,5227038,01/11/2007,30/11/2007,U,NA,NA,100,17,NA,NA,NA,NA,NA,Albacore,Thunnus alalunga,TEMPERATE,1x1,499,29,NA
ALB,224645,2007,KOR,KOR,LL,5227038,01/11/2007,30/11/2007,U,NA,NA,101,20,NA,NA,NA,NA,NA,Albacore,Thunnus alalunga,TEMPERATE,1x1,499,29,NA
ALB,224646,2007,KOR,KOR,LL,5227038,01/11/2007,30/11/2007,U,NA,NA,99,18,NA,NA,NA,NA,NA,Albacore,Thunnus alalunga,TEMPERATE,1x1,499,29,NA
ALB,224647,2007,KOR,KOR,LL,5228039,01/11/2007,30/11/2007,U,NA,NA,102,17,NA,NA,NA,NA,NA,Albacore,Thunnus alalunga,TEMPERATE,1x1,499,29,NA
ALB,224648,2007,KOR,KOR,LL,5228039,01/11/2007,30/11/2007,U,NA,NA,101,17,NA,NA,NA,NA,NA,Albacore,Thunnus alalunga,TEMPERATE,1x1,499,29,NA
ALB,224649,2007,KOR,KOR,LL,5228039,01/11/2007,30/11/2007,U,NA,NA,103,18,NA,NA,NA,NA,NA,Albacore,Thunnus alalunga,TEMPERATE,1x1,499,29,NA
ALB,224650,2007,KOR,KOR,LL,5228039,01/11/2007,30/11/2007,U,NA,NA,106,21,NA,NA,NA,NA,NA,Albacore,Thunnus alalunga,TEMPERATE,1x1,499,29,NA
ALB,224651,2007,KOR,KOR,LL,5228039,01/11/2007,30/11/2007,U,NA,NA,100,18,NA,NA,NA,NA,NA,Albacore,Thunnus alalunga,TEMPERATE,1x1,499,29,NA
ALB,224652,2007,KOR,KOR,LL,5228040,01/11/2007,30/11/2007,U,NA,NA,102,17,NA,NA,NA,NA,NA,Albacore,Thunnus alalunga,TEMPERATE,1x1,499,29,NA
ALB,224653,2007,KOR,KOR,LL,5228040,01/11/2007,30/11/2007,U,NA,NA,104,19,NA,NA,NA,NA,NA,Albacore,Thunnus alalunga,TEMPERATE,1x1,499,29,NA
ALB,224654,2007,KOR,KOR,LL,5228040,01/11/2007,30/11/2007,U,NA,NA,101,18,NA,NA,NA,NA,NA,Albacore,Thunnus alalunga,TEMPERATE,1x1,499,29,NA
ALB,224655,2007,KOR,KOR,LL,5228040,01/11/2007,30/11/2007,U,NA,NA,101,18,NA,NA,NA,NA,NA,Albacore,Thunnus alalunga,TEMPERATE,1x1,499,29,NA
ALB,224656,2007,KOR,KOR,LL,5228040,01/11/2007,30/11/2007,U,NA,NA,99,17,NA,NA,NA,NA,NA,Albacore,Thunnus alalunga,TEMPERATE,1x1,499,29,NA
ALB,224657,2007,KOR,KOR,LL,5228040,01/11/2007,30/11/2007,U,NA,NA,100,18,NA,NA,NA,NA,NA,Albacore,Thunnus alalunga,TEMPERATE,1x1,499,29,NA
ALB,224658,2007,KOR,KOR,LL,5228040,01/11/2007,30/11/2007,U,NA,NA,104,20,NA,NA,NA,NA,NA,Albacore,Thunnus alalunga,TEMPERATE,1x1,499,29,NA
ALB,224659,2007,KOR,KOR,LL,5228040,01/11/2007,30/11/2007,U,NA,NA,110,27,NA,NA,NA,NA,NA,Albacore,Thunnus alalunga,TEMPERATE,1x1,499,29,NA
ALB,224660,2007,KOR,KOR,LL,5228040,01/11/2007,30/11/2007,U,NA,NA,98,16.5,NA,NA,NA,NA,NA,Albacore,Thunnus alalunga,TEMPERATE,1x1,499,29,NA
ALB,224661,2007,KOR,KOR,LL,5228040,01/11/2007,30/11/2007,U,NA,NA,105,21.5,NA,NA,NA,NA,NA,Albacore,Thunnus alalunga,TEMPERATE,1x1,499,29,NA
ALB,224662,2007,KOR,KOR,LL,5228040,01/11/2007,30/11/2007,U,NA,NA,106,21,NA,NA,NA,NA,NA,Albacore,Thunnus alalunga,TEMPERATE,1x1,499,29,NA
ALB,224663,2007,KOR,KOR,LL,5228040,01/11/2007,30/11/2007,U,NA,NA,102,20,NA,NA,NA,NA,NA,Albacore,Thunnus alalunga,TEMPERATE,1x1,499,29,NA
ALB,224664,2007,KOR,KOR,LL,5228040,01/11/2007,30/11/2007,U,NA,NA,108,24,NA,NA,NA,NA,NA,Albacore,Thunnus alalunga,TEMPERATE,1x1,499,29,NA
ALB,224665,2007,KOR,KOR,LL,5228040,01/11/2007,30/11/2007,U,NA,NA,97,18,NA,NA,NA,NA,NA,Albacore,Thunnus alalunga,TEMPERATE,1x1,499,29,NA
ALB,224666,2007,KOR,KOR,LL,5228040,01/11/2007,30/11/2007,U,NA,NA,105,20,NA,NA,NA,NA,NA,Albacore,Thunnus alalunga,TEMPERATE,1x1,499,29,NA
ALB,224667,2007,KOR,KOR,LL,5228040,01/11/2007,30/11/2007,U,NA,NA,96,17,NA,NA,NA,NA,NA,Albacore,Thunnus alalunga,TEMPERATE,1x1,499,29,NA
ALB,224668,2007,KOR,KOR,LL,5228040,01/11/2007,30/11/2007,F,NA,NA,107,21.5,NA,NA,NA,NA,NA,Albacore,Thunnus alalunga,TEMPERATE,1x1,499,29,NA
ALB,224669,2007,KOR,KOR,LL,5228040,01/11/2007,30/11/2007,U,NA,NA,101,18,NA,NA,NA,NA,NA,Albacore,Thunnus alalunga,TEMPERATE,1x1,499,29,NA
ALB,224670,2007,KOR,KOR,LL,5228040,01/11/2007,30/11/2007,U,NA,NA,107,22.5,NA,NA,NA,NA,NA,Albacore,Thunnus alalunga,TEMPERATE,1x1,499,29,NA
ALB,224671,2007,KOR,KOR,LL,5228040,01/11/2007,30/11/2007,U,NA,NA,106,22,NA,NA,NA,NA,NA,Albacore,Thunnus alalunga,TEMPERATE,1x1,499,29,NA
ALB,224672,2007,KOR,KOR,LL,5228040,01/11/2007,30/11/2007,U,NA,NA,102,20,NA,NA,NA,NA,NA,Albacore,Thunnus alalunga,TEMPERATE,1x1,499,29,NA
ALB,224673,2007,KOR,KOR,LL,5228040,01/11/2007,30/11/2007,U,NA,NA,94,16,NA,NA,NA,NA,NA,Albacore,Thunnus alalunga,TEMPERATE,1x1,499,29,NA
ALB,224674,2007,KOR,KOR,LL,5228040,01/11/2007,30/11/2007,U,NA,NA,93,15,NA,NA,NA,NA,NA,Albacore,Thunnus alalunga,TEMPERATE,1x1,499,29,NA
ALB,224675,2007,KOR,KOR,LL,5228040,01/11/2007,30/11/2007,U,NA,NA,103,17.5,NA,NA,NA,NA,NA,Albacore,Thunnus alalunga,TEMPERATE,1x1,499,29,NA
ALB,224676,2007,KOR,KOR,LL,5228040,01/11/2007,30/11/2007,U,NA,NA,97,17,NA,NA,NA,NA,NA,Albacore,Thunnus alalunga,TEMPERATE,1x1,499,29,NA
ALB,224677,2007,KOR,KOR,LL,5228040,01/11/2007,30/11/2007,U,NA,NA,92,15,NA,NA,NA,NA,NA,Albacore,Thunnus alalunga,TEMPERATE,1x1,499,29,NA
ALB,224678,2007,KOR,KOR,LL,5228040,01/11/2007,30/11/2007,U,NA,NA,97,18.5,NA,NA,NA,NA,NA,Albacore,Thunnus alalunga,TEMPERATE,1x1,499,29,NA
ALB,224679,2007,KOR,KOR,LL,5228040,01/11/2007,30/11/2007,U,NA,NA,110,23,NA,NA,NA,NA,NA,Albacore,Thunnus alalunga,TEMPERATE,1x1,499,29,NA
ALB,224680,2007,KOR,KOR,LL,5228040,01/11/2007,30/11/2007,U,NA,NA,105,20,NA,NA,NA,NA,NA,Albacore,Thunnus alalunga,TEMPERATE,1x1,499,29,NA
ALB,224681,2007,KOR,KOR,LL,5228040,01/11/2007,30/11/2007,U,NA,NA,115,25,NA,NA,NA,NA,NA,Albacore,Thunnus alalunga,TEMPERATE,1x1,499,29,NA
ALB,224682,2007,KOR,KOR,LL,5228040,01/11/2007,30/11/2007,U,NA,NA,102,20,NA,NA,NA,NA,NA,Albacore,Thunnus alalunga,TEMPERATE,1x1,499,29,NA
ALB,224683,2007,KOR,KOR,LL,5228040,01/11/2007,30/11/2007,U,NA,NA,102,20,NA,NA,NA,NA,NA,Albacore,Thunnus alalunga,TEMPERATE,1x1,499,29,NA
ALB,224684,2007,KOR,KOR,LL,5228040,01/11/2007,30/11/2007,U,NA,NA,104,20,NA,NA,NA,NA,NA,Albacore,Thunnus alalunga,TEMPERATE,1x1,499,29,NA
ALB,224685,2007,KOR,KOR,LL,5228039,01/11/2007,30/11/2007,U,NA,NA,102,18,NA,NA,NA,NA,NA,Albacore,Thunnus alalunga,TEMPERATE,1x1,499,29,NA
ALB,224686,2007,KOR,KOR,LL,5228039,01/11/2007,30/11/2007,U,NA,NA,105,20,NA,NA,NA,NA,NA,Albacore,Thunnus alalunga,TEMPERATE,1x1,499,29,NA
ALB,224687,2007,KOR,KOR,LL,5228039,01/11/2007,30/11/2007,U,NA,NA,98,17,NA,NA,NA,NA,NA,Albacore,Thunnus alalunga,TEMPERATE,1x1,499,29,NA
ALB,224688,2007,KOR,KOR,LL,5227038,01/11/2007,30/11/2007,U,NA,NA,100,18,NA,NA,NA,NA,NA,Albacore,Thunnus alalunga,TEMPERATE,1x1,499,29,NA
ALB,224689,2007,KOR,KOR,LL,5227038,01/11/2007,30/11/2007,U,NA,NA,100,20,NA,NA,NA,NA,NA,Albacore,Thunnus alalunga,TEMPERATE,1x1,499,29,NA
ALB,224690,2007,KOR,KOR,LL,5227038,01/11/2007,30/11/2007,U,NA,NA,102,20,NA,NA,NA,NA,NA,Albacore,Thunnus alalunga,TEMPERATE,1x1,499,29,NA
ALB,224691,2007,KOR,KOR,LL,5227038,01/11/2007,30/11/2007,U,NA,NA,97,17,NA,NA,NA,NA,NA,Albacore,Thunnus alalunga,TEMPERATE,1x1,499,29,NA
ALB,224692,2007,KOR,KOR,LL,5227038,01/11/2007,30/11/2007,U,NA,NA,105,22,NA,NA,NA,NA,NA,Albacore,Thunnus alalunga,TEMPERATE,1x1,499,29,NA
ALB,224693,2007,KOR,KOR,LL,5227038,01/11/2007,30/11/2007,U,NA,NA,104,20,NA,NA,NA,NA,NA,Albacore,Thunnus alalunga,TEMPERATE,1x1,499,29,NA
ALB,224694,2007,KOR,KOR,LL,5227038,01/11/2007,30/11/2007,U,NA,NA,102,20,NA,NA,NA,NA,NA,Albacore,Thunnus alalunga,TEMPERATE,1x1,499,29,NA
ALB,224695,2007,KOR,KOR,LL,5227038,01/11/2007,30/11/2007,U,NA,NA,101,17,NA,NA,NA,NA,NA,Albacore,Thunnus alalunga,TEMPERATE,1x1,499,29,NA
ALB,224696,2007,KOR,KOR,LL,5228038,01/11/2007,30/11/2007,U,NA,NA,100,19,NA,NA,NA,NA,NA,Albacore,Thunnus alalunga,TEMPERATE,1x1,499,29,NA
ALB,224697,2007,KOR,KOR,LL,5228038,01/11/2007,30/11/2007,U,NA,NA,103,20.5,NA,NA,NA,NA,NA,Albacore,Thunnus alalunga,TEMPERATE,1x1,499,29,NA
ALB,224698,2007,KOR,KOR,LL,5228038,01/11/2007,30/11/2007,U,NA,NA,106,22,NA,NA,NA,NA,NA,Albacore,Thunnus alalunga,TEMPERATE,1x1,499,29,NA
ALB,224699,2007,KOR,KOR,LL,5228038,01/11/2007,30/11/2007,U,NA,NA,104,20.5,NA,NA,NA,NA,NA,Albacore,Thunnus alalunga,TEMPERATE,1x1,499,29,NA
ALB,224700,2007,KOR,KOR,LL,5228038,01/11/2007,30/11/2007,U,NA,NA,103,20,NA,NA,NA,NA,NA,Albacore,Thunnus alalunga,TEMPERATE,1x1,499,29,NA
ALB,224701,2007,KOR,KOR,LL,5228038,01/11/2007,30/11/2007,U,NA,NA,102,20,NA,NA,NA,NA,NA,Albacore,Thunnus alalunga,TEMPERATE,1x1,499,29,NA
ALB,224702,2007,KOR,KOR,LL,5228038,01/11/2007,30/11/2007,U,NA,NA,92,15,NA,NA,NA,NA,NA,Albacore,Thunnus alalunga,TEMPERATE,1x1,499,29,NA
ALB,224703,2007,KOR,KOR,LL,5228038,01/11/2007,30/11/2007,U,NA,NA,93,15,NA,NA,NA,NA,NA,Albacore,Thunnus alalunga,TEMPERATE,1x1,499,29,NA
ALB,224704,2007,KOR,KOR,LL,5228038,01/11/2007,30/11/2007,U,NA,NA,92,15,NA,NA,NA,NA,NA,Albacore,Thunnus alalunga,TEMPERATE,1x1,499,29,NA
ALB,224705,2007,KOR,KOR,LL,5228038,01/11/2007,30/11/2007,U,NA,NA,99,17,NA,NA,NA,NA,NA,Albacore,Thunnus alalunga,TEMPERATE,1x1,499,29,NA
ALB,224706,2007,KOR,KOR,LL,5228038,01/11/2007,30/11/2007,U,NA,NA,100,17,NA,NA,NA,NA,NA,Albacore,Thunnus alalunga,TEMPERATE,1x1,499,29,NA
ALB,224707,2007,KOR,KOR,LL,5228038,01/11/2007,30/11/2007,U,NA,NA,103,20,NA,NA,NA,NA,NA,Albacore,Thunnus alalunga,TEMPERATE,1x1,499,29,NA
ALB,224708,2007,KOR,KOR,LL,5228038,01/11/2007,30/11/2007,U,NA,NA,99,19,NA,NA,NA,NA,NA,Albacore,Thunnus alalunga,TEMPERATE,1x1,499,29,NA
ALB,224709,2007,KOR,KOR,LL,5228038,01/11/2007,30/11/2007,U,NA,NA,105,20,NA,NA,NA,NA,NA,Albacore,Thunnus alalunga,TEMPERATE,1x1,499,29,NA
ALB,224710,2007,KOR,KOR,LL,5227038,01/11/2007,30/11/2007,U,NA,NA,104,20,NA,NA,NA,NA,NA,Albacore,Thunnus alalunga,TEMPERATE,1x1,499,29,NA
ALB,224711,2007,KOR,KOR,LL,5227038,01/11/2007,30/11/2007,U,NA,NA,104,19,NA,NA,NA,NA,NA,Albacore,Thunnus alalunga,TEMPERATE,1x1,499,29,NA
ALB,224712,2007,KOR,KOR,LL,5227038,01/11/2007,30/11/2007,U,NA,NA,97,17,NA,NA,NA,NA,NA,Albacore,Thunnus alalunga,TEMPERATE,1x1,499,29,NA
ALB,224713,2007,KOR,KOR,LL,5227038,01/11/2007,30/11/2007,U,NA,NA,105,20,NA,NA,NA,NA,NA,Albacore,Thunnus alalunga,TEMPERATE,1x1,499,29,NA
ALB,224714,2007,KOR,KOR,LL,5227038,01/11/2007,30/11/2007,U,NA,NA,99,17,NA,NA,NA,NA,NA,Albacore,Thunnus alalunga,TEMPERATE,1x1,499,29,NA
ALB,224715,2007,KOR,KOR,LL,5227038,01/11/2007,30/11/2007,U,NA,NA,98,17,NA,NA,NA,NA,NA,Albacore,Thunnus alalunga,TEMPERATE,1x1,499,29,NA
ALB,224716,2007,KOR,KOR,LL,5227038,01/11/2007,30/11/2007,U,NA,NA,103,20,NA,NA,NA,NA,NA,Albacore,Thunnus alalunga,TEMPERATE,1x1,499,29,NA
ALB,224717,2007,KOR,KOR,LL,5227038,01/11/2007,30/11/2007,U,NA,NA,97,17,NA,NA,NA,NA,NA,Albacore,Thunnus alalunga,TEMPERATE,1x1,499,29,NA
ALB,224718,2007,KOR,KOR,LL,5227038,01/11/2007,30/11/2007,U,NA,NA,93,15,NA,NA,NA,NA,NA,Albacore,Thunnus alalunga,TEMPERATE,1x1,499,29,NA
ALB,224719,2007,KOR,KOR,LL,5227038,01/11/2007,30/11/2007,U,NA,NA,92,15,NA,NA,NA,NA,NA,Albacore,Thunnus alalunga,TEMPERATE,1x1,499,29,NA
ALB,224720,2007,KOR,KOR,LL,5227038,01/11/2007,30/11/2007,U,NA,NA,103,20,NA,NA,NA,NA,NA,Albacore,Thunnus alalunga,TEMPERATE,1x1,499,29,NA
ALB,224721,2007,KOR,KOR,LL,5227038,01/11/2007,30/11/2007,U,NA,NA,99,18,NA,NA,NA,NA,NA,Albacore,Thunnus alalunga,TEMPERATE,1x1,499,29,NA
ALB,224722,2007,KOR,KOR,LL,5227038,01/11/2007,30/11/2007,U,NA,NA,98,17,NA,NA,NA,NA,NA,Albacore,Thunnus alalunga,TEMPERATE,1x1,499,29,NA
ALB,224723,2007,KOR,KOR,LL,5227038,01/11/2007,30/11/2007,U,NA,NA,105,20,NA,NA,NA,NA,NA,Albacore,Thunnus alalunga,TEMPERATE,1x1,499,29,NA
ALB,224724,2007,KOR,KOR,LL,5227038,01/11/2007,30/11/2007,U,NA,NA,93,15,NA,NA,NA,NA,NA,Albacore,Thunnus alalunga,TEMPERATE,1x1,499,29,NA
ALB,224725,2007,KOR,KOR,LL,5227038,01/11/2007,30/11/2007,U,NA,NA,101,18,NA,NA,NA,NA,NA,Albacore,Thunnus alalunga,TEMPERATE,1x1,499,29,NA
ALB,224726,2007,KOR,KOR,LL,5227038,01/11/2007,30/11/2007,U,NA,NA,105,20,NA,NA,NA,NA,NA,Albacore,Thunnus alalunga,TEMPERATE,1x1,499,29,NA
ALB,224727,2007,KOR,KOR,LL,5227038,01/11/2007,30/11/2007,U,NA,NA,96,17,NA,NA,NA,NA,NA,Albacore,Thunnus alalunga,TEMPERATE,1x1,499,29,NA
ALB,224728,2007,KOR,KOR,LL,5227038,01/11/2007,30/11/2007,U,NA,NA,95,15,NA,NA,NA,NA,NA,Albacore,Thunnus alalunga,TEMPERATE,1x1,499,29,NA
ALB,224729,2007,KOR,KOR,LL,5227038,01/11/2007,30/11/2007,U,NA,NA,102,20,NA,NA,NA,NA,NA,Albacore,Thunnus alalunga,TEMPERATE,1x1,499,29,NA
ALB,224730,2007,KOR,KOR,LL,5227038,01/11/2007,30/11/2007,U,NA,NA,107,25,NA,NA,NA,NA,NA,Albacore,Thunnus alalunga,TEMPERATE,1x1,499,29,NA
ALB,224731,2007,KOR,KOR,LL,5227038,01/11/2007,30/11/2007,U,NA,NA,103,20,NA,NA,NA,NA,NA,Albacore,Thunnus alalunga,TEMPERATE,1x1,499,29,NA
ALB,224732,2007,KOR,KOR,LL,5227038,01/11/2007,30/11/2007,U,NA,NA,98,17,NA,NA,NA,NA,NA,Albacore,Thunnus alalunga,TEMPERATE,1x1,499,29,NA
ALB,224733,2007,KOR,KOR,LL,5227038,01/11/2007,30/11/2007,U,NA,NA,91,13,NA,NA,NA,NA,NA,Albacore,Thunnus alalunga,TEMPERATE,1x1,499,29,NA
ALB,224734,2007,KOR,KOR,LL,5227038,01/11/2007,30/11/2007,U,NA,NA,92,14,NA,NA,NA,NA,NA,Albacore,Thunnus alalunga,TEMPERATE,1x1,499,29,NA
ALB,224735,2007,KOR,KOR,LL,5227038,01/11/2007,30/11/2007,U,NA,NA,97,17,NA,NA,NA,NA,NA,Albacore,Thunnus alalunga,TEMPERATE,1x1,499,29,NA
ALB,224736,2007,KOR,KOR,LL,5228038,01/11/2007,30/11/2007,U,NA,NA,100,18,NA,NA,NA,NA,NA,Albacore,Thunnus alalunga,TEMPERATE,1x1,499,29,NA
ALB,224737,2007,KOR,KOR,LL,5228038,01/11/2007,30/11/2007,U,NA,NA,101,17,NA,NA,NA,NA,NA,Albacore,Thunnus alalunga,TEMPERATE,1x1,499,29,NA
ALB,224738,2007,KOR,KOR,LL,5228038,01/11/2007,30/11/2007,U,NA,NA,104,20,NA,NA,NA,NA,NA,Albacore,Thunnus alalunga,TEMPERATE,1x1,499,29,NA
ALB,224739,2007,KOR,KOR,LL,5228038,01/11/2007,30/11/2007,U,NA,NA,100,18,NA,NA,NA,NA,NA,Albacore,Thunnus alalunga,TEMPERATE,1x1,499,29,NA
ALB,224740,2007,KOR,KOR,LL,5228038,01/11/2007,30/11/2007,U,NA,NA,98,17,NA,NA,NA,NA,NA,Albacore,Thunnus alalunga,TEMPERATE,1x1,499,29,NA
ALB,224741,2007,KOR,KOR,LL,5229038,01/12/2007,30/12/2007,U,NA,NA,93,15,NA,NA,NA,NA,NA,Albacore,Thunnus alalunga,TEMPERATE,1x1,499,29,NA
ALB,224742,2007,KOR,KOR,LL,5229038,01/12/2007,30/12/2007,U,NA,NA,101,18,NA,NA,NA,NA,NA,Albacore,Thunnus alalunga,TEMPERATE,1x1,499,29,NA
ALB,224743,2007,KOR,KOR,LL,5229038,01/12/2007,30/12/2007,U,NA,NA,103,20,NA,NA,NA,NA,NA,Albacore,Thunnus alalunga,TEMPERATE,1x1,499,29,NA
ALB,224744,2007,KOR,KOR,LL,5229038,01/12/2007,30/12/2007,U,NA,NA,99,17,NA,NA,NA,NA,NA,Albacore,Thunnus alalunga,TEMPERATE,1x1,499,29,NA
ALB,224745,2007,KOR,KOR,LL,5229038,01/12/2007,30/12/2007,U,NA,NA,102,18,NA,NA,NA,NA,NA,Albacore,Thunnus alalunga,TEMPERATE,1x1,499,29,NA
ALB,227167,2000,JPN,GBR,LL,BIOT,01/11/2000,30/11/2000,M,0,NA,115,NA,36,NA,NA,NA,NA,Albacore,Thunnus alalunga,TEMPERATE,Aggregated,499,29,NA
ALB,227168,2000,JPN,GBR,LL,BIOT,01/11/2000,30/11/2000,M,0,NA,120,NA,34,NA,NA,NA,NA,Albacore,Thunnus alalunga,TEMPERATE,Aggregated,499,29,NA
ALB,227242,2000,JPN,GBR,LL,BIOT,01/11/2000,30/11/2000,F,1,NA,94,NA,30,NA,NA,NA,NA,Albacore,Thunnus alalunga,TEMPERATE,Aggregated,499,29,NA
ALB,227243,2000,JPN,GBR,LL,BIOT,01/11/2000,30/11/2000,M,0,NA,104,NA,32,NA,NA,NA,NA,Albacore,Thunnus alalunga,TEMPERATE,Aggregated,499,29,NA
ALB,227244,2000,JPN,GBR,LL,BIOT,01/11/2000,30/11/2000,M,0,NA,105,NA,32,NA,NA,NA,NA,Albacore,Thunnus alalunga,TEMPERATE,Aggregated,499,29,NA
ALB,227245,2000,JPN,GBR,LL,BIOT,01/11/2000,30/11/2000,M,1,NA,112,NA,35,NA,NA,NA,NA,Albacore,Thunnus alalunga,TEMPERATE,Aggregated,499,29,NA
ALB,227246,2000,JPN,GBR,LL,BIOT,01/11/2000,30/11/2000,M,0,NA,113,NA,33,NA,NA,NA,NA,Albacore,Thunnus alalunga,TEMPERATE,Aggregated,499,29,NA
ALB,227247,2000,JPN,GBR,LL,BIOT,01/11/2000,30/11/2000,M,0,NA,114,NA,35,NA,NA,NA,NA,Albacore,Thunnus alalunga,TEMPERATE,Aggregated,499,29,NA
ALB,227248,2000,JPN,GBR,LL,BIOT,01/11/2000,30/11/2000,F,2,NA,114,NA,33,NA,NA,NA,NA,Albacore,Thunnus alalunga,TEMPERATE,Aggregated,499,29,NA
ALB,227249,2000,JPN,GBR,LL,BIOT,01/11/2000,30/11/2000,M,0,NA,115,NA,34,NA,NA,NA,NA,Albacore,Thunnus alalunga,TEMPERATE,Aggregated,499,29,NA
ALB,227300,2000,JPN,GBR,LL,BIOT,01/12/2000,31/12/2000,F,1,NA,80,NA,24,NA,NA,NA,NA,Albacore,Thunnus alalunga,TEMPERATE,Aggregated,499,30,NA
ALB,227301,2000,JPN,GBR,LL,BIOT,01/12/2000,31/12/2000,M,0,NA,114,NA,33,NA,NA,NA,NA,Albacore,Thunnus alalunga,TEMPERATE,Aggregated,499,30,NA
ALB,227302,2000,JPN,GBR,LL,BIOT,01/12/2000,31/12/2000,M,0,NA,120,NA,36,NA,NA,NA,NA,Albacore,Thunnus alalunga,TEMPERATE,Aggregated,499,30,NA
ALB,227355,2000,JPN,GBR,LL,BIOT,01/12/2000,31/12/2000,M,0,NA,86,NA,26,NA,NA,NA,NA,Albacore,Thunnus alalunga,TEMPERATE,Aggregated,499,30,NA
ALB,227356,2000,JPN,GBR,LL,BIOT,01/12/2000,31/12/2000,U,1,NA,92,NA,28,NA,NA,NA,NA,Albacore,Thunnus alalunga,TEMPERATE,Aggregated,499,30,NA
ALB,227357,2000,JPN,GBR,LL,BIOT,01/12/2000,31/12/2000,U,2,NA,100,NA,32,NA,NA,NA,NA,Albacore,Thunnus alalunga,TEMPERATE,Aggregated,499,30,NA
ALB,227358,2000,JPN,GBR,LL,BIOT,01/12/2000,31/12/2000,M,0,NA,103,15,31,NA,NA,NA,NA,Albacore,Thunnus alalunga,TEMPERATE,Aggregated,499,30,NA
ALB,227359,2000,JPN,GBR,LL,BIOT,01/12/2000,31/12/2000,M,0,NA,114,NA,34,NA,NA,NA,NA,Albacore,Thunnus alalunga,TEMPERATE,Aggregated,499,30,NA
ALB,227406,2000,JPN,GBR,LL,BIOT,01/12/2000,31/12/2000,M,0,NA,112,23,36,NA,NA,NA,NA,Albacore,Thunnus alalunga,TEMPERATE,Aggregated,499,30,NA
ALB,227463,2000,JPN,GBR,LL,BIOT,01/12/2000,31/12/2000,M,0,NA,101,28,31,NA,NA,NA,NA,Albacore,Thunnus alalunga,TEMPERATE,Aggregated,499,30,NA
ALB,227491,2000,JPN,GBR,LL,BIOT,01/12/2000,31/12/2000,M,0,NA,111,35,34,NA,NA,NA,NA,Albacore,Thunnus alalunga,TEMPERATE,Aggregated,499,30,NA
ALB,227604,2000,JPN,GBR,LL,BIOT,01/12/2000,31/12/2000,M,0,NA,101,20,32,NA,NA,NA,NA,Albacore,Thunnus alalunga,TEMPERATE,Aggregated,499,30,NA
ALB,227753,2000,JPN,GBR,LL,BIOT,01/12/2000,31/12/2000,M,0,NA,102,20,30,NA,NA,NA,NA,Albacore,Thunnus alalunga,TEMPERATE,Aggregated,499,30,NA
ALB,228038,2001,JPN,GBR,LL,BIOT,01/01/2001,31/01/2001,M,0,NA,95,16,31,NA,NA,NA,NA,Albacore,Thunnus alalunga,TEMPERATE,Aggregated,499,30,NA
ALB,228282,2001,JPN,GBR,LL,BIOT,01/01/2001,31/01/2001,M,0,NA,102,17,32,NA,NA,NA,NA,Albacore,Thunnus alalunga,TEMPERATE,Aggregated,499,30,NA
ALB,229731,2000,TWN,GBR,LL,BIOT,01/12/2000,31/12/2000,M,0,NA,99,20,32,NA,NA,NA,NA,Albacore,Thunnus alalunga,TEMPERATE,Aggregated,499,30,NA
ALB,229732,2000,TWN,GBR,LL,BIOT,01/12/2000,31/12/2000,M,0,NA,101,24,32,NA,NA,NA,NA,Albacore,Thunnus alalunga,TEMPERATE,Aggregated,499,30,NA
ALB,229733,2000,TWN,GBR,LL,BIOT,01/12/2000,31/12/2000,M,0,NA,105,24,34,NA,NA,NA,NA,Albacore,Thunnus alalunga,TEMPERATE,Aggregated,499,30,NA
ALB,229734,2000,TWN,GBR,LL,BIOT,01/12/2000,31/12/2000,M,0,NA,107,27,34,NA,NA,NA,NA,Albacore,Thunnus alalunga,TEMPERATE,Aggregated,499,30,NA
ALB,229735,2000,TWN,GBR,LL,BIOT,01/12/2000,31/12/2000,M,0,NA,110,26,34,NA,NA,NA,NA,Albacore,Thunnus alalunga,TEMPERATE,Aggregated,499,30,NA
ALB,229803,2000,TWN,GBR,LL,BIOT,01/12/2000,31/12/2000,M,0,NA,106,24,24,NA,NA,NA,NA,Albacore,Thunnus alalunga,TEMPERATE,Aggregated,499,30,NA
ALB,229804,2000,TWN,GBR,LL,BIOT,01/12/2000,31/12/2000,M,0,NA,109,26,34,NA,NA,NA,NA,Albacore,Thunnus alalunga,TEMPERATE,Aggregated,499,30,NA
ALB,229856,2000,TWN,GBR,LL,BIOT,01/12/2000,31/12/2000,M,0,NA,107,26,35,NA,NA,NA,NA,Albacore,Thunnus alalunga,TEMPERATE,Aggregated,499,30,NA
ALB,229857,2000,TWN,GBR,LL,BIOT,01/12/2000,31/12/2000,M,0,NA,118,30,35,NA,NA,NA,NA,Albacore,Thunnus alalunga,TEMPERATE,Aggregated,499,30,NA
ALB,229931,2000,TWN,GBR,LL,BIOT,01/12/2000,31/12/2000,M,0,NA,107,24,34,NA,NA,NA,NA,Albacore,Thunnus alalunga,TEMPERATE,Aggregated,499,30,NA
ALB,229997,2000,TWN,GBR,LL,BIOT,01/12/2000,31/12/2000,M,0,NA,101,23,34,NA,NA,NA,NA,Albacore,Thunnus alalunga,TEMPERATE,Aggregated,499,30,NA
ALB,229998,2000,TWN,GBR,LL,BIOT,01/12/2000,31/12/2000,M,0,NA,102,25,32.5,NA,NA,NA,NA,Albacore,Thunnus alalunga,TEMPERATE,Aggregated,499,30,NA
ALB,229999,2000,TWN,GBR,LL,BIOT,01/12/2000,31/12/2000,M,0,NA,106,23,30,NA,NA,NA,NA,Albacore,Thunnus alalunga,TEMPERATE,Aggregated,499,30,NA
ALB,230000,2000,TWN,GBR,LL,BIOT,01/12/2000,31/12/2000,M,0,NA,108,35,34,NA,NA,NA,NA,Albacore,Thunnus alalunga,TEMPERATE,Aggregated,499,30,NA
ALB,230001,2000,TWN,GBR,LL,BIOT,01/12/2000,31/12/2000,M,0,NA,110,24.5,32,NA,NA,NA,NA,Albacore,Thunnus alalunga,TEMPERATE,Aggregated,499,30,NA
ALB,230075,2000,TWN,GBR,LL,BIOT,01/12/2000,31/12/2000,M,0,NA,102,22,32,NA,NA,NA,NA,Albacore,Thunnus alalunga,TEMPERATE,Aggregated,499,30,NA
ALB,230147,2000,TWN,GBR,LL,BIOT,01/12/2000,31/12/2000,M,0,NA,99,23,33,NA,NA,NA,NA,Albacore,Thunnus alalunga,TEMPERATE,Aggregated,499,30,NA
ALB,230148,2000,TWN,GBR,LL,BIOT,01/12/2000,31/12/2000,M,0,NA,103,23,33,NA,NA,NA,NA,Albacore,Thunnus alalunga,TEMPERATE,Aggregated,499,30,NA
ALB,230149,2000,TWN,GBR,LL,BIOT,01/12/2000,31/12/2000,M,0,NA,106,24,34,NA,NA,NA,NA,Albacore,Thunnus alalunga,TEMPERATE,Aggregated,499,30,NA
ALB,230220,2000,TWN,GBR,LL,BIOT,01/12/2000,31/12/2000,M,0,NA,103,22,34,NA,NA,NA,NA,Albacore,Thunnus alalunga,TEMPERATE,Aggregated,499,30,NA
ALB,230431,2001,TWN,GBR,LL,BIOT,01/01/2001,31/01/2001,M,0,NA,108,21,NA,NA,NA,NA,NA,Albacore,Thunnus alalunga,TEMPERATE,Aggregated,499,30,NA
ALB,230432,2001,TWN,GBR,LL,BIOT,01/01/2001,31/01/2001,M,0,NA,110,25,NA,NA,NA,NA,NA,Albacore,Thunnus alalunga,TEMPERATE,Aggregated,499,30,NA
ALB,230512,2001,TWN,GBR,LL,BIOT,01/01/2001,31/01/2001,M,0,NA,104,20,32,NA,NA,NA,NA,Albacore,Thunnus alalunga,TEMPERATE,Aggregated,499,30,NA
ALB,230513,2001,TWN,GBR,LL,BIOT,01/01/2001,31/01/2001,M,0,NA,110,22,33,NA,NA,NA,NA,Albacore,Thunnus alalunga,TEMPERATE,Aggregated,499,30,NA
ALB,230514,2001,TWN,GBR,LL,BIOT,01/01/2001,31/01/2001,M,0,NA,110,25,34,NA,NA,NA,NA,Albacore,Thunnus alalunga,TEMPERATE,Aggregated,499,30,NA
ALB,230568,2001,TWN,GBR,LL,BIOT,01/01/2001,31/01/2001,M,0,NA,107,23,35,NA,NA,NA,NA,Albacore,Thunnus alalunga,TEMPERATE,Aggregated,499,30,NA
ALB,231136,2002,NEI,GBR,LL,BIOT,01/12/2002,31/12/2002,U,0,NA,113,28,NA,NA,122,NA,NA,Albacore,Thunnus alalunga,TEMPERATE,Aggregated,499,30,NA
ALB,231615,2003,NEI,GBR,LL,BIOT,01/01/2003,31/01/2003,U,0,NA,103,17,NA,17,110,NA,NA,Albacore,Thunnus alalunga,TEMPERATE,Aggregated,499,30,1
ALB,231680,2003,NEI,GBR,LL,BIOT,01/01/2003,31/01/2003,U,0,NA,115,26,NA,26,127,NA,NA,Albacore,Thunnus alalunga,TEMPERATE,Aggregated,499,30,1
ALB,231921,2003,NEI,GBR,LL,BIOT,01/01/2003,31/01/2003,U,0,NA,104,23,NA,22,112,NA,NA,Albacore,Thunnus alalunga,TEMPERATE,Aggregated,499,30,1.045454545
ALB,232600,2003,NEI,GBR,LL,BIOT,01/12/2003,29/02/2004,M,0,TAILED AND FINNED,104,19,31,17,NA,NA,NA,Albacore,Thunnus alalunga,TEMPERATE,Aggregated,499,90,1.117647059
ALB,232665,2003,NEI,GBR,LL,BIOT,01/12/2003,29/02/2004,M,0,TAILED AND FINNED,105,22,31,21,NA,NA,NA,Albacore,Thunnus alalunga,TEMPERATE,Aggregated,499,90,1.047619048
ALB,232840,2003,NEI,GBR,LL,BIOT,01/12/2003,29/02/2004,M,0,TAILED AND FINNED,104,23,32,22,NA,NA,NA,Albacore,Thunnus alalunga,TEMPERATE,Aggregated,499,90,1.045454545
ALB,232847,2003,NEI,GBR,LL,BIOT,01/12/2003,29/02/2004,M,0,TAILED AND FINNED,113,26,34,25,NA,NA,NA,Albacore,Thunnus alalunga,TEMPERATE,Aggregated,499,90,1.04
ALB,233494,2003,NEI,GBR,LL,BIOT,01/12/2003,29/02/2004,M,0,TAILED AND FINNED,105,22,32,21,NA,NA,NA,Albacore,Thunnus alalunga,TEMPERATE,Aggregated,499,90,1.047619048
ALB,233690,2003,NEI,GBR,LL,BIOT,01/12/2003,29/02/2004,M,0,TAILED AND FINNED,110,25,33,23.5,NA,NA,NA,Albacore,Thunnus alalunga,TEMPERATE,Aggregated,499,90,1.063829787
ALB,233765,2003,NEI,GBR,LL,BIOT,01/12/2003,29/02/2004,M,0,TAILED AND FINNED,109,26,34,25,NA,NA,NA,Albacore,Thunnus alalunga,TEMPERATE,Aggregated,499,90,1.04
ALB,233773,2003,NEI,GBR,LL,BIOT,01/12/2003,29/02/2004,M,0,TAILED AND FINNED,114,34,34,32,NA,NA,NA,Albacore,Thunnus alalunga,TEMPERATE,Aggregated,499,90,1.0625
ALB,233824,2003,NEI,GBR,LL,BIOT,01/12/2003,29/02/2004,M,0,TAILED AND FINNED,108,21,32,20,NA,NA,NA,Albacore,Thunnus alalunga,TEMPERATE,Aggregated,499,90,1.05
ALB,234076,2003,NEI,GBR,LL,BIOT,01/12/2003,29/02/2004,M,0,TAILED AND FINNED,111,24,34,23.5,NA,NA,NA,Albacore,Thunnus alalunga,TEMPERATE,Aggregated,499,90,1.021276596
